ID;stem_crossref_IDN;stem_crossref_EN;stem_crossref_DE;stem_form;stem_id;kms_Alphabet;kms_page;kms_entry_no
1;§ 21c;§ 21c;§ 21c;a-;11_1685428252;a;1;1
2;§§ 15e, 24c;§§ 15e , 24c;§§ 15e, 24c;a-;11_1685428330;a;1;2
3;§§ 39b, 41b dan g;§§ 39b , 41b and g;§§ 39b, 41b und g;[ʔ]a-;11_1685428509;a;1;3
4;§§ 29b , 51a;§§ 29b , 51a;§§ 29b, 51a;-[C]a;11_1685429142;a;1;4
10;§§ 15k , 37 , 55;§§ 15k , 37 , 55;§§ 15k, 37, 55;-aʔa;11_1685430833;a;2;3
11;§ 15;§ 15;§ 15;-aʔa;11_1685430954;a;2;4
17;"§ 32c ; 132z37";"§ 32c ; 132z37";"§ 32c ; 132z37";ʔaʔanõ;11_1685431789;a;2;10
18;"bandingkan H16 èawaq 'Rhizophore' ; DEC 3188 awak-awak 'Sonneratia acida'";"compare H16 èawaq 'Rhizophore' ; DEC 3188 awak-awak 'Sonneratia acida'";"vgl H16 èawaq 'Rhizophore' ; DEC 3188 awak-awak 'Sonneratia acida'";eaba;11_1685431862;a;2;11
20;"§ 33 ; namun MOD alime afa 'sembilan'";"§ 33 ; however MOD alime afa 'nine'";"§ 33 ; jedoch MOD alime afa 'nove'";aba:i kaha:iʔi;11_1685432004;a;2;13
21;"106z11ff; G21";"106z11ff ; G21";"106z11ff ; G21";eʔabakoko;11_1685432114;a;2;14
23;"H88 Abèha; ML Bambu Bamban";"H88 Abèha ; ML Bambu Bamban";"H88 abèha ; ML bambu bamban";e[ʔ]abeha;11_1685497982;a;3;2
27;Ml lapis;Ml lapis;ML lapis;eabixu;11_1685498345;a;3;6
29;H88 èabo;H88 èabo;H88 èabo;eʔabóʔo:i;11_1685498469;a;3;8
31;H88 èaboewe 'semak muda';H88 èaboewe 'Jong Kreupelbosch';H88 èaboewe 'jong kreupelbosch';eabúa;11_1685498603;a;3;10
32;lihat buai;see buai;s buai;abuai;11_1685498655;a;3;11
38;H88 aré aré 'jangkrik';H88 aré aré 'Grille';H88 aré aré 'Grille';eʔadeʔade;11_1685499594;a;4;5
40;G4;G4;G4;eadepa;11_1685499674;a;4;7
41;H88 èadoea;H88 èadoea;H88 èadoea;eʔadəái;11_1685499761;a;4;8
46;G3;G3;G3;eadipo;11_1685500387;a;5;2
49;"§ 15d; lihat doo , adoho";"§ 15d ; see doo , adoho";"§ 15d ; s doo, adoho";adoo;11_1685500803;a;5;5
51;VIz6;VIz6;VIz6;Adoha:eʔekoa;11_1685500972;a;5;7
53;G72;G72;G72;eadóua;11_1685501080;a;5;9
56;VIz1;VIz1;VIz1;Adudui;11_1685501234;a;5;12
59;bandingkan kahae 'pergi';compare kahae 'go';vgl kahae 'gehen';eae;9_1685498445;a;6;1
65;G71;G71;G71;eahá:éda;9_1685499642;a;6;7
66;lihat hãhõ;see hãhõ;s hãhõ;ahãhõ;9_1685499677;a;6;8
69;G67: eʔaháe;G67: eʔaháe;G67: eʔaháe;eʔahã́ĩ;9_1685500195;a;7;2
78;G71;G71;G71;eaheida;9_1685501857;a;8;2
80;lihat dəhəda;see dəhəda;s dəhəda;ahədəhəda;9_1685501984;a;8;4
82;lihat hibi;see hibi;s hibi;ahibi;9_1685502052;a;8;6
84;"G2 ; bandingkan eʔahepeʔa";"G2 ; compare eʔahepeʔa";"G2 ; vgl eʔahepeʔa";Ahipeʔa;9_1685502238;a;8;8
85;§ 23b;§ 23b;§ 23b;ahoo;9_1685502277;a;8;9
88;"109z21: ""dapur""";"109z21: ""kitchen""";"109z21: ""Küche""";eahoi;9_1685502470;a;8;12
93;lihat yai;see yai;s yai;ai;9_1685502983;a;8;17
94;§§ 4 ,14 ,151;§§ 4 ,14 ,151;§§ 4,14,151;ʔai;9_1685503112;a;9;1
103;"88z8 , 106z16 ; jika tidak, ã: ĩʔĩõ";"88z8 , 106z16 ; otherwise ã:ĩʔĩõ";"88z8, 106z16 ; sonst ã:ĩʔĩõ";a:iʔĩã;9_1685504127;a;9;10
110;lihat ʔinãmõ;see ʔinãmõ;s ʔinãmõ;eainamo;9_1685504757;a;10;5
116;"lihat ʔekoi; ʔikoi dan sejenisnya";"see ʔekoi ; ʔikoi and the like";"s ʔekoi ;  ʔikoi 'dgl'";aʔioʔoi;9_1685625555;a;10;11
122;"lihat dazu 92z15-18 ; 87z38 ; 127z6 ; Namun, ikat kepala yang terbuat dari daun pandan ; H16 èakakaie 'tutup kepala dari rotan, yang biasa dipakai oleh laki-laki pada waktu berkabung' ; Mod Gambar 12 di halaman 152";"see dazu 92z15-18 ; 87z38 ; 127z6 ; However , headband made of pandanus leaves ; H16 èakakaie 'a headgear of rattan , formerly worn by men during mourning' ; Mod Fig.12 on p.152";"s dazu 92z15-18 ; 87z38 ; 127z6 ; 'jedoch Stirnband aus Pandanusblättern ; H16 èakakaie 'een hoofddeksel van rottan, vroeger door de mannen gedurende den rouwtijd gedragen' ; MOD fig.12 auf S.152";eakã́ʔã:ĩ;15_1685503761;a;11;2
128;H16 èakano 'Menstrua';H16 èakano 'Menstrua';H16 èakano 'menstrua';eakanõ;15_1685504780;a;11;8
131;lihat keo;see keo;s keo;akeo;15_1685505064;a;11;11
138;"bandingkan MOD èo; Tabel 13 di halaman 161";"compare MOD èo ; table 13 on p.161";"vgl MOD èo ; tav .13 auf S.161";eakoʔaea;15_1685956576;a;11;18
139;G23 dan 60;G23 and 60;G23 'und' 60;eakóa:u;15_1685956654;a;11;19
141;"G27 , namun: penutup kepala; yang terbuat dari daun pandan";"G27 , however: head covering ; which was made from pandanus leaves";"G27 jedoch: Kopfbedeckung ; die aus Pandanusblättern hergestellt wurde";eʔakṍʔẽ;15_1685957199;a;12;2
156;131z21 dan 26;131z21 and 26;131z21 'und' 26;eamai;15_1685973499;a;12;17
158;"Dec 3011 Amajok 'Saccharum Officinarum' ; Heyne 19/111 Eamajok dan sejenisnya ; Viz3f ; Xz34";"Dec 3011 Amajok 'Saccharum Officinarum' ; Heyne 19/111 Eamajok and the like ; Viz3f ; Xz34";"DEC 3011 amajok 'Saccharum officinarum' ; Heyne 19/111 eamajok dgl ; VIz3f ; Xz34";eamã:ĩñõ;15_1685974310;a;13;1
160;"Tapi 107z20 ; 116z1: ""Ehəkadio -'bunga yang disebut 'eamãnə̃ʔã' '""";"'But' 107z20 ; 116z1: ""Ehəkadio -'blossomes called 'eamãnə̃ʔã' '""";"'aber' 107z20 ; 116z1: ""ehəkadio -'Blüten die' eamãnə̃ʔã 'heißen'""";eʔamãnə̃ʔã;15_1685974533;a;13;3
169;lihat mĩʔĩ¹;see mĩʔĩ¹;s mĩʔĩ¹;ãmĩʔĩ;15_1685976594;a;13;12
191;bandingkan [ʔa] ʔanõ;compare [ʔa]ʔanõ;vgl [ʔa]ʔanõ;anĩʔĩ;15_1686537829;a;15;5
192;DES 2557 'inima Pandanus sp div';DEC 2557 'inima Pandanus sp div';DEC 2557 inima 'Pandanus sp div';eʔanĩmãẽ;15_1686537974;a;15;6
197;"§ 32c ; bandingkan ʔaʔanõ";"§ 32c ; compare ʔaʔanõ";"§ 32c ; vgl ʔaʔanõ";ʔanõ;8_1685499905;a;16;1
198;§ 2b: bukan eʔãnõ;§ 2b: not eʔãnõ;§ 2b: nicht eʔãnõ;ʔãnõ;8_1685500597;a;16;2
202;H16 èanonõoe 'selang air';H16 èanonõoe 'water hose';H16 èanonõoe 'waterslang';eanõnṍũ;8_1685501131;a;16;6
219;§ 33;§ 33;§ 33;ʔáopa;8_1685505151;a;18;6
228;§§ 15e, 24c;§§ 15e , 24c;§§ 15e, 24c;ape;8_1686022762;a;19;1
231;§ 32c;§ 32c;§ 32c;ʔapiaha;8_1686024516;a;19;4
232;lihat pĩnĩ;see pĩnĩ;s pĩnĩ;apĩnĩ;8_1686024553;a;19;5
236;lihat poi;see poi;s poi;apoi;8_1686025736;a;19;9
240;bandingkan epũʔũ 'sambungan, simpul';compare epũʔũ 'joint , knot';vgl epũʔũ 'Gelenk, Knoten';eʔapṹʔũĩ;8_1686026325;a;20;2
241;lihat kakadi;see kakadi;s kakadi;aradadi;8_1686034725;a;20;2
250;§ 33;§ 33;§ 33;ʔariba;8_1686036067;a;20;8
251;"MOD:131 earacóa la lebbra ; H88:292 ""pengobatan kusta (èarakoa) hanya terdiri dari membungkus bagian yang terkena dengan daun bira dan kemudian menghangatkannya di atas api yang dijaga dengan seksama selama beberapa jam""";"MOD:131 earacóa la lebbra ; H88:292 ""the treatment of leprosy (èarakoa) consists only in wrapping the affected parts with bira leaves and then keeping them over a gently maintained fire for a few hours""";"MOD:131 earacóa la lebbra ; H88:292 ""de behandeling van melaatschheid (èarakoa) bestaat slechts hierin, dat de aangetaste deelen mit bira-bladeren omwikkeld en dan gedurende een paar uren boven een zacht onderhouden vuurtje gehouden worden""";earaʔakoa;8_1686034680;a;21;1
253;§ 34a;§ 34a;§ 34a;ʔaro-;8_1686036716;a;21;10
254;bandingkan koa 'jangkar';compare koa 'anchor';vgl koa 'ankern';earoaʔa:o·a;17_1685255689;a;22;1
259;§ 33;§ 33;§ 33;ʔarua;17_1685256693;a;22;6
262;"H88:284 ""gagang-gagang [tombak] terbuat dari kayu ... dan arukelo""";"H88:284 ""the handles [of the lances] are made of the wood of the ... and arukelo""";"H88: 284 ""de stelen [der lansen] worden gemaakt van het hout der ... en aroekèlo""";earukeo;17_1685258908;a;22;9
266;G5;G5;G5 :;earukua;17_1685262563;a;22;13
268;G69;G69;G69;au·a;17_1685262950;a;22;15
270;lihat paʔãũ;see paʔãũ;s paʔãũ;ʔãũ;17_1685263219;a;22;17
275;lihat eudu;see eudu;s eudu;audu;17_1685278955;a;23;2
276;H16 èawieka 'ikan laut yang diasinkan';H16 èawieka 'sea fish that is salted';H16 èawieka 'zeevis die gezouten word';eʔauíka;17_1685279350;a;23;3
280;§ 24c;§ 24c;§ 24c;aupe a-;17_1685279741;a;23;7
282;XIz29: Anjing-anjing diimpor dari Sumatra;XIz29: Dogs were imported from Sumatra;XIz29: Hunde wurden aus Sumatra importiert;eʔayedi;17_1685280199;a;23;9
285;bandingkan ebee 'cairan';compare ebee 'liquid';vgl ebee 'Flüssigkeit';eboo;11_1686798424;a;28;10
286;§ 42a;§ 42a;§ 42a;b;17_1685280858;b;23;1
287;§§ 15j , 16 , 49;§§ 15j , 16 , 49;§§ 15j, 16, 49;b-;17_1685280977;b;23;2
289;"H16 èbadjiedjo 'burung merpati hijau liar' ; de Jong: 36 ""merpati hijau yang tidak mencolok, Chalcophaps indica indica L""";"H16 èbadjiedjo 'the wild green dove' ; de Jong: 36 ""the inconspicuous green pigeon , Chalcophaps indica indica L""";"H16 èbadjiedjo 'de wilde groene duif' ; de Jong: 36 ""de weinig opvallende groene duif, Chalcophaps indica indica L""";ebaʔadíto;17_1685281341;b;23;4
292;"DEC 151 ababa 'Talas, Alocasia macrorhiza, Heyne' 23/752 dan sejenisnya; s § 44a.4";"DEC 151 ababa 'Taro , Alocasia macrorhiza , Heyne' 23/752 and the like ; s § 44a.4";"DEC 151 ababa 'Taro, Alocasia macrorhiza, Heyne' 23/752 dgl ; s § 44a.4";ebaba;11_1686192493;b;24;3
294;G63;G63;G63;ebadabá:ua;11_1686192615;b;24;5
297;MOD Gambar 31 di halaman 206;MOD fig.31 on p.206;MOD fig.31 auf S.206;ebadíu;11_1686192821;b;24;8
298;H16 èba 'sejenis liana';H16 èba 'a type of liana';H16 èba 'eene liaansoort';ebaə;11_1686192948;b;24;9
306;bandingkan MOD Gambar 10: kelapa yang dilubangi sebagai wadah air dengan gabus;compare MOD fig.10: hollowed-out coconut as a water container with a cork;vgl MOD fig.10: ausgehöhlte Kokosnuß als Wasserbehälter mit Korken;ebahudobi;11_1686193916;b;24;17
309;§ 34b;§ 34b;§ 34b;ebaka;11_1686194592;b;25;1
311;§ 34d;§ 34d;§ 34d;ebakao;11_1686194928;b;25;3
312;§ 34d;§ 34d;§ 34d;ebakua;11_1686195157;b;25;4
313;namun DEC 2181 dan Heyne 147/4444 èbaè 'Manihot utilissima', yaitu singkong atau ubi kayu;but DEC 2181 and Heyne 147/4444 èbaè 'Manihot utilissima' , i.e. cassava or manioc;aber DEC 2181 und Heyne 147/4444 èbaè 'Manihot utilissima, also Cassava oder Maniok;ebao;11_1686195257;b;25;5
319;§§ 15f , 24a;§§ 15f , 24a;§§ 15f, 24a;be;11_1686793906;b;26;6
322;MOD 243 berarti 'semacam tombak';MOD 243 means 'a kind of lance';MOD 243 bedi 'eine Art Lanze';ebedi;11_1686794266;b;26;9
332;XIz29: Anjing-anjing diimpor dari Sumatra;XIz29: Dogs were imported from Sumatra;XIz29: Hunde wurden aus Sumatra importiert;ebeo;11_1686795834;b;27;3
338;"DEC 2892 Pterospermum Jackianum Wall; 51z12 ,53z27";"DEC 2892 Pterospermum Jackianum Wall. ; 51z12 ,53z27";"DEC 2892 Pterospermum Jackianum Wall. ; 51z12,53z27";ebədə́aha:u;11_1686796248;b;27;9
339;bandingkan pəʔeka;compare pəʔeka;vgl pəʔeka;bə́ʔəa;11_1686796370;b;27;10
341;lihat ʔibi[a] , edaʔibia 'musuh , lawan';see ʔibi[a] , edaʔibia 'enemy , adversary';s ʔibi[a], edaʔibia 'Feind, Gegner';bibi;11_1686797766;b;28;1
348;§ 34d;§ 34d;§ 34d;ebita;11_1686798193;b;28;8
349;H16 èbie [j] oe;H16 èbie[j]oe;H16 èbie[j]oe;ebiu;11_1686798242;b;28;9
350;DEC 936 èbok-èboke 'Cucurbita Pepo L, labu hias';DEC 936 èbok-èboke 'Cucurbita Pepo L , decorative pumpkin';DEC 936 èbok-èboke 'Cucurbita Pepo L, Schmuckkürbis';eboʔaboʔa;11_1686798499;b;28;11
354;G69;G69;G69;ebodohá:ua;17_1687267686;b;29;1
367;§§ 15j , 16 , 49;§§ 15j , 16 , 49;§§ 15j, 16, 49;bu-;17_1687352238;b;30;3
368;§ 11;§ 11;§ 11;-bu;17_1687352282;b;30;4
372;namun H16 èboeboe 'ikan laut';but H16 èboeboe 'sea fish';aber H16 èboeboe 'zeevis';ebubu;17_1687352852;b;30;8
377;109z10 namun: bejana memasak;109z10 however: cooking vessel;109z10 jedoch: Kochgefäß;eabuda;17_1687349579;b;31;1
378;namun H16 boedahiejaq 'jam 5 pagi';but H16 boedahiejaq '5 o'clock in the morning';aber H16 boedahiejaq '5 uur in den morgen';budahíaʔa;17_1687349779;b;31;2
381;lihat abue;see abue;s abue;bue;17_1687349949;b;31;5
395;lihat bubúʔui;see bubúʔui;s bubúʔui;buʔui;17_1685339537;b;32;6
396;K40:83;K40:83;K40:83;c;17_1685453857;c;32;1
403;§ 42a;§ 42a;§ 42a;d-;17_1685454733;d;33;3
404;§ 151;§ 151;§ 151;da-;17_1685454858;d;33;4
405;§§ 11, 12a, 15k;§§ 11 , 12a , 15k;§§ 11, 12a, 15k;-da;17_1685454978;d;33;5
406;lihat -daʔa , -daha;see -daʔa , -daha;s -daʔa, -daha;-da;17_1685455070;d;33;6
407;§§ 1 , 11c , 13;§§ 1 , 11c , 13;§§ 1, 11c, 13;-daʔa;17_1685455223;d;33;7
417;G59;G59;G59;edabúʔi ukoyo;17_1685282080;d;34;4
431;"bandingkan ML jari 'Jari' ; § 34b ; epẽã dan sejenisnya";"compare ML jari 'Finger' ; § 34b ; epẽã and the like";"vgl ML jari 'Finger' ; § 34b ; epẽã 'dgl'";edadi;17_1685285678;d;35;4
432;bandingkan ML jari 'Jari';compare ML jari 'Finger';vgl ML jari 'Finger';edadia epũpũ;17_1685336542;d;35;4
437;§ 10b: bukan edadu;§ 10b: not edadu;§ 10b: nicht edadu;dadu;17_1685338331;d;35;10
438;"84z15, 96z9f, 104 catatan 7:; MOD Gambar 30 dan Tabel 18";"84z15 , 96z9f , 104 note 7: ; MOD fig.30 and table 18";"84z15, 96z9f, 104 anm.7: ; MOD fig. 30 und tav.18";edaəkeda;12_1685503109;d;36;1
439;"s -da ; -daʔa";"s -da ; -daʔa";"s -da ; -daʔa";-daha;12_1685503178;d;36;2
450;lihat dəahi;see dəahi;s dəahi;dahəa;12_1685505294;d;36;13
453;akhiran menyatakan kepemilikan , § 11;possessive suffix , § 11;Possessivsuffix, §11;-dai;12_1685921576;d;37;3
454;lihat paday·aʔa;see paday·aʔa;s paday·aʔa;dai;12_1685921642;d;37;4
455;lihat dadaʔi;see dadaʔi;s dadaʔi;daʔi;12_1685921686;d;37;5
456;lihat ʔibi , bibi;see ʔibi , bibi;s ʔibi, bibi;edaʔibía;12_1685921822;d;37;6
458;"lihat daʔika ; ʔiʔika = ʔiʔike";"see daʔika ; ʔiʔika = ʔiʔike";"s daʔika ; ʔiʔika = ʔiʔike";daʔiʔika;12_1685922100;d;37;8
464;XIIz24 dst: Masyarakat Enggano diduga hanya mengenal konsep Barat (edakóaha), di mana... 'Barat' identik dengan 'musim hujan dan musim angin'. Bdk H16 èdakohaq 'badai dahsyat';"XIIz24ff: The Engganese supposedly only knew the West (edakóaha) , whereby... 'West' was synonymous with ""rainy- and monsoon-season"". Cf. H16 èdakohaq 'fierce storm'";"XIIz24ff: Die Engganesen kannten angeblich nur den Westen (edakóaha), wobei... 'Westen' gleichbedeutend mit ""Regen- und Monsunzeit"" war. Vgl H16 èdakohaq 'hevige storm'";edakóaha;12_1685923157;d;37;14
468;"G36 ; lihat kipa·rapi";"G36 ; see kipa·rapi";"G36 ; s kipa·rapi";dapaʔa:i;12_1685927073;d;38;4
469;"88z289: edaʔapaʔa:iĩã ; lihat eʔapaʔa:iʔio[ñã]";"88z289: edaʔapaʔa:iĩã ; see eʔapaʔa:iʔio[ñã]";"88z289: edaʔapaʔa:iĩã ; s eʔapaʔa:iʔio[ñã]";edapaʔá:íʔĩã;12_1685927754;d;38;5
471;lihat dapaʔa:i;see dapaʔa:i;s dapaʔa:i;dapa:iʔi;12_1685927950;d;38;7
479;IXz12ff: Para perempuan Enggano [diduga] mengenakan celemek daun yang dirajut dan diikat oleh jalinan rumput edaria:u. Lih MOD Gambar 13-16 Gambar celemek perempuan;IXz12ff: Women [allegedly] wore leaf aprons held by braided bands of edaria:u grass. cf. MOD fig.13-16 Fig.of women's aprons;IXz12ff: Frauen trugen [angeblich] Blätterschurze, die durch geflochtene Bänder aus edaria:u-Gras gehalten wurden. vgl MOD fig.13-16 Abb von Frauenschurzen;edaría:u;12_1685931856;d;39;1
486;"sebagai perbandingan; 106, 16: kidee";"as comparison ; 106 ,16: kidee";"beim Vgl ; 106,16: kidee";dee;12_1685932804;d;39;8
487;bandingkan kalealea 'lembek';compare kalealea 'pulpy';vgl kalealea 'breiig';edea;12_1685932877;d;39;9
491;H16 èdèabo 'musuh pribadi';H16 èdèabo 'personal enemy';H16 èdèabo 'persoonlijke vijand';edeabo;12_1685933179;d;39;13
497;"G29: daun bambu kering; bandingkan dengan ekapedeaki 'daun kering'";"G29: dry bamboo leaves ; compare ekapedeaki 'dry leaf'";"G29: trockene Bambusblätter ; vgl ekapedeaki 'trockenes Blatt'";ededeáki;12_1685500362;d;40;4
509;lihat adəda;see adəda;s adəda;dəda;12_1685501599;d;40;16
514;bandingkan edoʔóaʔa;compare edoʔóaʔa;vgl edoʔóaʔa;edəʔə́aʔa;11_1686116250;d;41;2
516;lihat ədəh[ə]a dan sejenisnya;see ədəh[ə]a and the like;s ədəh[ə]a 'dgl';dəhəa;11_1686116384;d;41;4
523;lihat ʔadiba;see ʔadiba;s ʔadiba;diba;11_1686117384;d;41;11
535;bandingkan kipudika;compare kipudika;vgl kipudika;dixia;11_1686119085;d;42;7
537;lihat dixoʔi;see dixoʔi;s dixoʔi;edixo;11_1686119200;d;42;9
538;lihat dixia;see dixia;s dixia;edixo uʔito;11_1686119277;d;42;10
543;lihat didiki;see didiki;s didiki;diki;11_1686120186;d;43;5
548;lihat didio;see didio;s didio;dio;11_1686120587;d;43;10
556;perbandingan, § 31;comparison , § 31;Vgl, § 31;doo;11_1686121318;d;44;1
561;lihat ebodu;see ebodu;s ebodu;edobu;11_1686122277;d;44;6
580;H88: 303 Deskripsi sebuah festival pada saat peluncuran kapal baru;H88: 303 Description of a festival at the launch of a new boat;H88: 303 Beschreibung eines Festes beim Stapellauf eines neuen Bootes;edohoao;17_1686320288;d;46;7
584;bandingkan edəʔə́aʔa dan H16 èdoöa 'lembah , negara';compare edəʔə́aʔa and H16 èdoöa 'valley , country';vgl edəʔə́aʔa und H16 èdoöa 'vallei, landstreek';edoʔóaʔa;17_1686375752;d;47;3
589;139z29: waktu;139z29: time;139z29: Zeit;edopo;17_1686376327;d;47;8
591;DES 2504 rofo-rofo 'Orchidaceae spp';DEC 2504 rofo-rofo 'Orchidaceae spp';DEC 2504 rofo-rofo 'Orchidaceae spp';edopodopo;17_1686376536;d;47;10
596;Akhiran kepemilikan untuk Orang Kedua Jamak , § 11;Possessive suffix 2nd Person Plural , § 11;PS 2.pl, § 11;-du;17_1686377083;d;47;15
605;lihat duruka , ruduka;see duruka , ruduka;s duruka, ruduka;duduki;17_1686381301;d;48;8
609;lihat aduhe;see aduhe;s aduhe;duhe;17_1686381744;d;48;12
618;lihat duduki¹;see duduki¹;s duduki¹;duruka;17_1686383130;d;49;9
619;lihat du[ʔ]a;see du[ʔ]a;s du[ʔ]a;dúʔua;17_1686383226;d;49;10
622;§ 61;§ 61;§ 61;eV-;17_1687590437;e;30;6
623;§§ 1 dan 2;§§ 1 and 2;§§ 1 und 2;e-;17_1687579053;e;50;1
626;lihat ʔeʔei;see ʔeʔei;s ʔeʔei;eʔee;17_1687579557;e;50;4
635;"§ 8b ; bentuk yang jarang: ʔana";"§ 8b ; rarely: ʔana";"§ 8b ; selten: ʔana";eʔana;17_1687590975;e;50;14
641;lihat XIIz3 , MOD Gambar 9 di halaman 121;see XIIz3 , MOD fig.9 on p.121:;s XIIz3, MOD fig.9 auf S. 121:;eʔedako;17_1687592057;e;51;2
650;bandingkan eʔenei 'menoreh';compare eʔenei 'incise';vgl eʔenei 'einschneiden';ʔeʔebai;17_1687615559;e;52;7
653;lihat heʔeki;see heʔeki;s heʔeki;eʔeki;17_1687616551;e;53;2
658;lihat ʔẽʔẽhẽ;see ʔẽʔẽhẽ;s ʔẽʔẽhẽ;ʔẽhẽ;17_1687959039;e;54;2
659;lihat kahẽ́ãʔa dan sejenisnya;see kahẽ́ãʔa and the like;s kahẽ́ãʔa dgl;ẽhẽẽ;17_1687959238;e;54;3
663;lihat paeho;see paeho;s paeho;eho;17_1687959812;e;54;7
665;G69, onomotopeia;G69 , onomotopeia;G69, onom;eehuhu;17_1687959996;e;54;9
667;"bandingkan eʔii '""yang dipegang"" = hewan, ternak'";"compare eʔii '""the held"" = animal , cattle'";"vgl eʔii '""das Gehaltene"" = Tier, Vieh'";eʔei;17_1687960402;e;54;11
681;lihat ʔẽnũã;see ʔẽnũã;s ʔẽnũã;eʔẽmãhã;15_1686714427;e;56;4
688;"H16 èènèho 'ML dadap' ; DEC 1301 eneho 'Erythrina hypaphorus Boerl";"H16 èènèho 'ML dadap' ; DEC 1301 eneho 'Erythrina hypaphorus Boerl.'";"H16 èènèho 'ML dadap' ; DEC 1301 eneho 'Erythrina hypaphorus Boerl.')";eʔenẽõ;15_1686715489;e;56;11
702;lihat epo;see epo;s epo;epəha;15_1686798909;e;58;7
705;"H16 éépo [èèfe] 'nibung ; bilah nibun yang dibelah untuk lantai' ; DEC 2487 dan Heyne 21/630 èefo ; èèfe 'Oncosperma filamentosum B1'";"H16 éépo [èèfe] 'nibung ; cleaved niboenglat for flooring' ; DEC 2487 and Heyne 21/630 èefo ; èèfe 'Oncosperma filamentosum B1.'";"H16 éépo [èèfe] 'niboeng ; gekloofde niboenglat voor bevloering' ; DEC 2487 und Heyne 21/630 èèfo ; èèfe 'Oncosperma filamentosum B1.'";eʔẽpõ;15_1686800343;e;58;10
714;H16 ha 'ML -lah';H16 ha 'ML -lah';H16 ha 'ML -lah';-ha;17_1686207983;h;63;2
716;lihat heʔahoi, heʔaʔohoi;see heʔahoi , heʔaʔohoi;s heʔahoi, heʔaʔohoi;haʔahoi;17_1686208226;h;63;4
719;lihat ekahaba , kikahabáhai , karahabahai;see ekahaba , kikahabáhai , karahabahai;s ekahaba, kikahabáhai, karahabahai;haba;17_1686208916;h;63;7
737;lihat ede;see ede;s ede;haede;19_1685967343;h;65;7
738;lihat heho;see heho;s heho;haeho;19_1685967378;h;65;8
739;lihat heho;see heho;s heho;haeho;19_1685967407;h;65;8
740;lihat heho;see heho;s heho;haeho;19_1685967419;h;65;8
741;lihat hẽkũ;see hẽkũ;s hẽkũ;hã:ẽkũ;19_1685967475;h;65;9
743;"G62 ; bandingkan ehahəao 'pasir'";"G62 ; compare ehahəao 'Sand'";"G62 ; vgl ehahəao 'Sand'";ehaəhəaə;19_1685967661;h;65;11
744;lihat həka;see həka;s həka;ha:əka;19_1685967698;h;65;12
746;lihat hanahe;see hanahe;s hanahe;hahanahe;19_1686019749;h;66;1
747;bandingkan ehao , ehaəhəaə 'pantai';compare ehao , ehaəhəaə 'beach';vgl ehao, ehaəhəaə 'Strand';ehahəao;19_1686019837;h;66;2
756;lihat kaha: iʔi;see kaha:iʔi;s kaha:iʔi;ha:iʔi;19_1686021726;h;66;11
762;lihat pakahalee;see pakahalee;s pakahalee;helee;19_1686146433;h;67;2
763;"lihat hãhãmõ 'terbang' ; lihat [ẽ]ʔẽpã";"see hãhãmõ 'to fly' ; see [ẽ]ʔẽpã";"s hãhãmõ 'fliegen' ; s [ẽ]ʔẽpã";hãmõ;19_1686146628;h;67;3
769;lihat hũĩ , ekixudo;see hũĩ , ekixudo;s hũĩ, ekixudo;eahanũkixudo;19_1686148144;h;67;9
772;lihat ehaəhəaə 'pantai';see ehaəhəaə 'beach';s ehaəhəaə 'Strand';ehao;19_1686148367;h;67;12
775;bandingkan eʔoboho:iyo 'tali busur';compare eʔoboho:iyo 'bowstring';vgl eʔoboho:iyo 'Bogensehne';ehaʔobo:iya;19_1686186937;h;68;1
776;lihat hodeki;see hodeki;s hodeki;ha:odeki;19_1686222408;h;68;2
778;lihat hodeki;see hodeki;s hodeki;ha:ohodeki;19_1686222700;h;68;4
781;lihat honã;see honã;s honã;ha:onã;19_1686222893;h;68;7
793;lihat kipahao;see kipahao;s kipahao;hau;8_1686204824;h;69;8
809;"lihat hã:ũʔũnã , hũʔũnã ; H16 namun ie(j)ahaooeuaq yang dikatakan tentang seseorang yang berasal dari ""suku"" yang berbeda (ǃ) dengan sukunya sendiri ; VIIz22";"see hã:ũʔũnã , hũʔũnã ; H16 however ie(j)ahaooeuaq said of one who belongs to a different (ǃ) ""suku"" than his own ; VIIz22";"s hã:ũʔũnã, hũʔũnã ; H16 jedoch ie(j)ahaoeoeaq gezegd van iemand die tot een andere (ǃ) ""soekoe"" dan de zijne behoort ; VIIz22";e[ʔ]ahã:ũʔṹʔũã;8_1686208497;h;70;12
812;"H16 èhèja 'tangga, dulunya batang pohon yang diletakkan miring di tanah, di mana anak tangga dibuat'; VIz31f: Batang pohon epoʔo:udi berlekuk-lekuk memberikan akses ke rumah-rumah ""sarang lebah""";"H16 èhèja 'stairs , formerly a tree trunk placed obliquely in the ground , in which steps have been cut' ; VIz31f: A notched epoʔo:udi tree trunk provided access to the ""beehive"" houses";"H16 èhèja 'trap, eertijds een schuin in den grond geplaatsten boomstam, waarin treden zijn gekapt' ; VIz31f: Den Zugang zu den ""Bienenkorb""-Häusern ermöglichte ein mit Kerben versehener epoʔo:udi-Baumstamm";ehẽã;8_1686801577;h;71;1
823;lihat hehebu;see hehebu;s hehebu;hebu;8_1686796542;h;71;12
825;lihat ede;see ede;s ede;hede;8_1686797026;h;72;1
830;"ungkapan alternatif untuk eʔũmĩxĩ ; Vz34";"alternative expression for eʔũmĩxĩ ; Vz34";"Wechselausdruck für eʔũmĩxĩ ; Vz34";ehedoʔo:i;8_1687834168;h;72;6
831;lihat eʔe;see eʔe;s eʔe;heʔe;8_1687834204;h;72;7
845;usang, § 8g;obsolete , § 8g;veraltet,  § 8g;hẽmõʔõ;8_1687845336;h;74;3
847;H88:278 èhèjok² 'ML ikan bodjan';H88:278 èhèjok² 'ML ikan bodjan';H88:278 èhèjok² 'ML ikan bodjan';ehẽõ;8_1687845692;h;74;5
860;lihat kaʔahəao;see kaʔahəao;s kaʔahəao;hə́ao;12_1686120783;h;75;7
861;bandingkan kəhapíaʔa dan sejenisnya;compare kəhapíaʔa and the like;vgl kəhapíaʔa dgl;həapi;12_1686121042;h;75;8
878;lihat kaha:idixi;see kaha:idixi;s kaha:idixi;hidi;12_1686191697;h;77;6
887;lihat hibi;see hibi;s hibi;himĩ;12_1686193347;h;78;6
895;lihat hipu;see hipu;s hipu;hipə·a;12_1686195952;h;79;4
900;lihat ito;see ito;s ito;hitó·aʔa;12_1686203921;h;79;9
914;DEC 338 éhoboe 'Artocarpus Blumei Trecul', VIz35, VIIIz15, XIz35ff: Kulit pohon sukun liar digunakan untuk membuat jaket yang dipakai oleh wanita ...;DEC 338 éhoboe 'Artocarpus Blumei Trecul'. , VIz35 , VIIIz15 , XIz35ff: The bast of the wild breadfruit tree was used to make jackets that were worn by women. ...;(DEC 338 éhoboe 'Artocarpus Blumei Trecul'., VIz35, VIIIz15, XIz35ff: Aus dem Bast des wilden Brotfruchtbaumes stellte man Jacken her, die von Frauen getragen wurden. ...);ehobu;12_1686465816;h;80;12
921;lihat hohodu;see hohodu;s hohodu;hodu;9_1686457222;h;81;7
936;kata bantu kuantifikasi/hitung, § 34d;Auxiliary count word , § 34d;Hilfszählwort, § 34d;ehoku;9_1686458720;h;82;8
941;"§ 2b ; bukan ehonã";"§ 2b ; not ehonã";"§ 2b ; nicht ehonã";honã;9_1686459701;h;83;4
957;lihat oro;see oro;s oro;horo;9_1686574909;h;85;5
964;lihat ha:ua;see ha:ua;s ha:ua;hua;9_1686575796;h;85;12
970;lihat ubai;see ubai;s ubai;hubai;9_1686741741;h;86;5
973;lihat huhudu;see huhudu;s huhudu;hudu;9_1686742811;h;86;8
977;lihat ekixũʔẽʔõ , ekahũʔ[ũ]ẽʔõ , ekahã:ũʔẽʔõ;see ekixũʔẽʔõ , ekahũʔ[ũ]ẽʔõ , ekahã:ũʔẽʔõ;s ekixũʔẽʔõ, ekahũʔ[ũ]ẽʔõ, ekahã:ũʔẽʔõ;hũʔẽʔõ;9_1686743418;h;86;12
990;"lihat narasi XIV; H16 hoeko(q)ä 'tempat suci di mana sebagian besar roh bersemayam'; H88:281 Hoekok² '... di mana sebagian besar èkowèk seharusnya berkeliaran'";"see narrative XIV ; H16 hoeko(q)ä 'a holy place where most of the spirits reside' ; H88:281 Hoekok² '... where most of the èkowèks are supposed to hang out'";"s Erz XIV ; H16 hoeko(q)ä 'eene heilige plaats, waar de meeste geesten verblijven' ; H88:281 Hoekok² '... waar zich de meeste èkowèks moeten ophouden'";Hukə́ʔa;19_1686349301;h;87;9
1011;lihat eʔei dan sejenisnya;see eʔei and the like;s eʔei 'dgl';eʔii;17_1688132943;i;89;4
1012;lihat kia² dan sejenisnya;see kia² and the like;s kia² 'dgl';ia;17_1688133342;i;89;5
1041;lihat ʔitoka , eidakoʔa;see ʔitoka , eidakoʔa;s ʔitoka, eidakoʔa;eidoka;8_1688386583;i;92;1
1045;lihat hĩãmã;see hĩãmã;s hĩãmã;ĩxĩãmã;8_1688390168;i;92;5
1050;"lihat iʔia; H88:276 èije 'rottan manou dengan buah yang dapat dimakan', yaitu DEC 557 buluh Manan";"see iʔia ; H88:276 èije 'the rottan manou with edible fruits' , i.e. DEC 557 Manan's reed";"s iʔia ; H88:276 èije 'de rottan manou met eetbare vruchten', d.h. DEC 557 Calamus Manan";eiʔĩ́ã;8_1688391208;i;92;10
1054;lihat nĩkã dan sejenisnya;see nĩkã and the like;s nĩkã dgl;ʔiʔika;8_1688391955;i;93;1
1057;lihat ʔĩnṹpĩ;see ʔĩnṹpĩ;s ʔĩnṹpĩ;ʔiʔĩnṹpĩ;8_1688392361;i;93;4
1061;lihat ʔita;see ʔita;s ʔita;ʔiʔita;8_1688393035;i;93;8
1066;"inklusif; §§ 4, 14";"inclusive ; §§ 4 , 14";"in ; §§ 4, 14";ʔika;8_1688395079;i;94;3
1068;"inklusif ; §§ 4, 14: Perbedaan halus antara ʔika (untuk bentuk ganda) dan ʔíkaʔa (jamak, lebih dari dua orang) telah memudar dalam penggunaan bahasa. Dalam idiom umum saat ini (= 1938), sebagian besar hanya menggunakan ʔika.";"inclusive ; §§ 4 , 14: The fine distinction between ʔika (a kind of dual) and ʔíkaʔa (plural , more than two persons) has already faded in linguistic usage. In today's (= 1938) common idiom one mostly only uses ʔika.";"in ; §§ 4, 14: Der feine Unterschied zwischen ʔika (einer Art Dual) und ʔíkaʔa (Pl, mehr als zwei Personen) ist im Sprachgebrauch bereits stark verblaßt. In dem heute (= 1938) gebräuchlichen Idiom verwendet man meistens nur noch ʔika.";ʔíkaʔa;8_1688395983;i;94;5
1072;lihat kẽnã;see kẽnã;s kẽnã;ʔikenã·hã:ĩ;8_1688423784;i;94;9
1084;lihat hãpĩ , § 59b;see hãpĩ , § 59b;s hãpĩ, § 59b;e[ʔ]inãhãpĩ;8_1688425593;i;95;9
1085;"lihat [mĩ]mĩxĩ """;"see [mĩ]mĩxĩ """;"s [mĩ]mĩxĩ """;e[ʔ]inãmĩxĩ;8_1688425657;i;95;10
1087;lihat nẽnẽ;see nẽnẽ;s nẽnẽ;ʔinẽnẽ, ʔĩnẽnẽ́ãʔã;8_1688425974;i;95;12
1092;"DEC inono 'selubung daun pinang' ; H16 èènono oepo 'selubung daun yang keras dari pohon pinang' ; èènono oeèpo 'selubung daun yang keras dari pohon niboeng'";"DEC inono 'leaf sheath of Areca catechu' ; H16 èènono oepo 'the tough leaf sheath of the betel nut palm' ; èènono oeèpo 'the tough leaf sheath of the niboeng palm'";"DEC inono 'bladscheede van Areca catechu' ; H16 èènono oepo 'de taaie bladscheede van den betelnootpalm' ; èènono oeèpo 'de taaie bladscheede van den niboengpalm'";eʔinõnõ;8_1688427725;i;96;4
1101;lihat inãʔã:ũã;see inãʔã:ũã;s inãʔã:ũã;iñãʔã:ũã;8_1688430973;i;97;6
1107;138z6: Mula! (atau Mulai! (sg));138z6: Beginning! (or Begin! (sg));138z6: Beginnǃ;eiʔo;8_1688431971;i;97;12
1109;"DEC 584 ejobe , eroba 'Calophyllum spectabile Willd.' , Heyne 187/5178 ejobe 'Calophyllum Inophyllum' ; MOD: 174f dua potong kayu yang mereka sebut eióba yang mereka katakan padaku dapat dengan cepat menghasilkan api";"DEC 584 ejobe , eroba 'Calophyllum spectabile Willd.' , Heyne 187/5178 ejobe 'Calophyllum Inophyllum' ; MOD:174f two pieces of wood they called eióba from which they told me fire could be immediately obtained";"DEC 584 ejobe, eroba 'Calophyllum spectabile Willd.', Heyne 187/5178 ejobe 'Calophyllum Inophyllum' ; MOD:174f due pezzi di legno che chiamavano eióba dai quali mi dissero si poteva subito ottenere il fuoco";eʔíoba;8_1688432302;i;98;2
1112;bandingkan ka:epo 'menjadi puas';compare ka:epo 'to be satisfied';vgl ka:epo 'zufrieden sein';ipə·a;8_1688432644;i;98;5
1114;lihat pĩnĩ;see pĩnĩ;s pĩnĩ;eipĩnĩ;8_1688432720;i;98;7
1122;akhir, § 24b;final , § 24b;final, § 24b;itaʔá:úa;8_1688433873;i;99;5
1128;lihat ʔitoka;see ʔitoka;s ʔitoka;[ʔ]itakóa;8_1688434598;i;99;11
1132;"lihat rua; § 59a";"see rua ; § 59a";"s rua ; § 59a";eitarua;15_1687674906;i;100;2
1139;"DEC 2361 idjo 'Musa sapientum L.' ; Heyne 45/1318 eĩto 'Musa paradisiaca'";"DEC 2361 idjo 'Musa sapientum L.' ; Heyne 45/1318 eĩto 'Musa paradisiaca'";"DEC 2361 idjo 'Musa sapientum L.' ; Heyne 45/1318 eĩto 'Musa paradisiaca'";eʔito;15_1687676985;i;100;9
1144;lihat eitako[ʔ]a;see eitako[ʔ]a;s eitako[ʔ]a;ʔitoka;15_1687687455;i;101;5
1145;bandingkan eo·po:uda;compare eo·po:uda;vgl eo·po:uda;eitopa:uda;15_1687687604;i;101;6
1146;dalam § 26b tidak disebutkan;in § 26b 'not mentioned';in § 26b 'nicht erwähnt';itopo;15_1687687704;i;101;7
1149;lihat Vdəhəa dan sejenisnya;see Vdəhəa and the like;s Vdəhəa dgl;ʔituhaʔa;15_1687688431;i;101;10
1159;lihat jijiʔa;see jijiʔa;s jijiʔa;jiʔa;15_1687784836;j;102;3
1165;§§ 1 dan 2;§§ 1 and 2;§§ 1 und 2;ka-;11_1683684312;k;103;4
1186;bandingkan uhói 'wanita dengan banyak anak';compare uhói 'woman with many children';vgl uhói 'kinderreiche Frau';ekaʔahuoi;11_1683864936;k;105;1
1187;lihat MOD 243 ecáio;see MOD 243 ecáio;s MOD 243 ecáio;ekaʔá:iʔio;11_1683865326;k;105;2
1204;"DEC 665 dan Heyne 205/5377 kabaèlo 'Pepaya Carica'; lihat ekapayo; VIIIz17";"DEC 665 and Heyne 205/5377 kabaèlo 'Carica Papaya' ; see ekapayo ; VIIIz17";"DEC 665 und Heyne 205/5377 kabaèlo Carica Papaya ; s ekapayo ; VIIIz17";ekabaedo;11_1684284874;k;106;8
1206;lihat § 44;see § 44;s § 44;kabaʔi-;11_1684285302;k;106;10
1221;XIIz20f: Kemudi tidak diketahui;XIIz20f: Rudders were unknown;XIIz20f: Steuerruder waren unbekannt;ekabudi;11_1684289173;k;108;3
1223;XIzlff: Babi hutan ditangkap dengan jaring pada saat festival. Jaring-jaring tersebut tingginya sekitar 1,50 m dan panjangnya mencapai 20 m. Jaring-jaring tersebut direntangkan membentuk lingkaran dan para pemburu akan memasukkan babi-babi tersebut ke dalam jaring, yang kemudian dibunuh dengan cara dipukul di bagian kepala. Biasanya, babi-babi tersebut diburu dengan menggunakan tombak. Lihat MOD Gambar 26 di halaman 171;XIzlff: Wild boars were caught with nets on the occasion of festivals. They were about 1.50 m high and up to 20 m long. They were stretched in a circle and drivers would drive in the pigs , which would then be killed by blows on the head. Usually , however , they were hunted with spears. See MOD fig.26 on p.171;XIzlff: Wildschweine wurden anläßlich von Festen mit Netzen gefangen. Sie waren etwa 1,50 m hoch und bis zu 20 m lang. Sie wurden kreisförmig gespannt, und Treiber jagten die Schweine hinein, die dann durch Schläge auf den Kopf getötet wurden. Gewöhnlich jagte man sie jedoch mit Speeren. Vgl MOD fig.26 auf S.171;ekabuʔobo;11_1684289561;k;108;5
1226;IXz24ff: Beberapa juga mengenakan cincin jari yang terbuat dari cangkang ekada di jari kelingking mereka, mungkin yang kedua di jari manis tangan kiri.;IXz24ff: Some also wore a finger ring made from ekada shells on their little finger , possibly a second one on the ring finger of their left hand.;IXz24ff: Manche trugen auch einen Fingerring, der aus ekada-Muschelschalen geschliffen wurde, am kleinen Finger, evtl. noch einen zweiten am Ringfinger der linken Hand.;ekada;11_1684289876;k;108;8
1230;lihat kakadi;see kakadi;s kakadi;kadi;11_1684290689;k;108;12
1236;DEC 345 kadodo 'Artocarpus Gomeziana Wall.' , DEC 355 kadodotok 'Artocarpus rigilda bl.' , Heyne 64/1946 kadodohok 'Artocarpus rigida';DEC 345 kadodo 'Artocarpus Gomeziana Wall.' , DEC 355 kadodotok 'Artocarpus rigilda bl.' , Heyne 64/1946 kadodohok 'Artocarpus rigida';DEC 345 kadodo 'Artocarpus Gomeziana Wall.', DEC 355 kadodotok 'Artocarpus rigilda bl.', Heyne 64/1946 kadodohok 'Artocarpus rigida';ekadodo;11_1684291849;k;109;6
1313;lihat ekaiyoo 'perut';see ekaiyoo 'abdomen';s ekaiyoo 'Unterleib';ekainõʔã;12_1684222653;k;115;9
1314;lihat [ka]naiñã;see [ka]naiñã;s [ka]naiñã;kaiñã;12_1684222709;k;115;10
1317;lihat ekainõʔã;see ekainõʔã;s ekainõʔã;ekaiyoo;12_1684226804;k;115;13
1321;"lihat pṹʔũĩ 'ikat menjadi satu' ; mũmũʔṹĩ 'bingung'";"see pṹʔũĩ 'tie together' ; mũmũʔṹĩ 'confused'";"s pṹʔũĩ 'zusammenknoten' ; mũmũʔṹĩ 'verwirrt'";kakabuʔui;12_1684228747;k;116;2
1352;H88:277 kemajani;H88:277 kemajani;H88:277 kemajani;ekamãʔẽã́nĩ;12_1684292554;k;119;3
1372;lihat kanãʔã:ĩ;see kanãʔã:ĩ;s kanãʔã:ĩ;kanã·ʔĩ;12_1684392699;k;120;7
1373;lihat kanãñã , nãnã:ĩñã , nãnãyãʔã;see kanãñã , nãnã:ĩñã , nãnãyãʔã;s kanãñã, nãnã:ĩñã, nãnãyãʔã;kanã:ĩñã;12_1684393396;k;120;8
1391;108z27;108z27;108z27;ekanĩnõnõ;12_1684833641;k;121;13
1399;lihat ekanĩnõnõ;see ekanĩnõnõ;s ekanĩnõnõ;ekanũkṹae;12_1684834734;k;122;6
1405;lihat ekanĩnõnõ dan sejenisnya;see ekanĩnõnõ and the like;s ekanĩnõnõ 'dgl';ekañõõ;12_1684835460;k;122;12
1411;"lihat 106z5-10 ; MOD : 128 ecoè caodódo";"see 106z5-10 ; MOD : 128 ecoè caodódo";"s 106z5-10 ; MOD : 128 ecoè caodódo";ekaʔododo;12_1684850096;k;123;4
1419;lihat kãpã́:ĩ́ʔĩã;see kãpã́:ĩ́ʔĩã;s kãpã́:ĩ́ʔĩã;kãpãʔĩ́ãʔã;12_1684851078;k;123;12
1436;130z2;130z2;130z2;karaʔahaʔa;11_1684820930;k;125;2
1444;H16 èkadieodie 'burung pipit';H16 èkadieodie 'sparrow';H16 èkadieodie 'musch';ekareodi;11_1684821795;k;125;10
1445;H16 èkarèpè (h) 'bisul, bintil, bisul';H16 èkarèpè (h) 'ulcer , pustule , boil';H16 èkarèpè (h) 'zweer, puist, steenpuistgezwel';ekarepe;11_1684821888;k;125;11
1458;"§ 10e: -r- < n(i)- (PAN) ; mengapa tidak < Rumaq? (PAN) ; H16 è(a)karoba 'pintu, bukaan bundar pada tipe rumah orang Enggano (bentuk sarang lebah), yang sudah tidak ditemukan lagi'";"§ 10e: -r- < n(i)- (UAN) ; why not < Rumaq? (PAN) ; H16 è(a)karoba 'door , round opening in the type of Engganese house (beehive shape) , which is no longer found'";"§ 10e: -r- < n(i)- (UAN) ; warum nicht < Rumaq? (PAN) ; H16 è(a)karoba deur, ronde opening in het type Engganeesche woning (bijenkorfvorm), welke nu niet meer wordt aangetroffen";eakaruba;11_1684827868;k;126;10
1464;lihat kaʔã:ũ;see kaʔã:ũ;s kaʔã:ũ;kaʔu;17_1684677013;k;127;4
1471;lihat huoi;see huoi;s huoi;kaʔuhoi;17_1684678383;k;127;11
1473;"lihat eʔumĩxĩ ; Vz33";"see eʔumĩxĩ ; Vz33";"s eʔumĩxĩ ; Vz33";Kaʔumĩxĩ;17_1684678620;k;127;13
1480;DES 785 èkè 'Citrus sp;DEC 785 èkè 'Citrus sp.';DEC 785 èkè 'Citrus sp.';ekẽẽ;17_1684762572;k;128;5
1486;"DEC 3313 dan Heyne 221/5544 kila oeloe 'Terminalia Catappa L., Pohon Berjenjang' ; 51z8: pohon almond";"DEC 3313 and Heyne 221/5544 kila oeloe 'Terminalia Catappa L. , Tiered Tree' ; 51z8: almond tree";"DEC 3313 und Heyne 221/5544 kila oeloe 'Terminalia Catappa L., Etagenbaum' ; 51z8: Mandelbaum";ekedaʔa:udu;17_1684764893;k;128;11
1491;lihat kekedoʔoi;see kekedoʔoi;s kekedoʔoi;ekedokedo;17_1684821642;k;129;5
1500;"lihat keʔúa 'tenggelam' ; kua , kakuʔua 'binasa'";"see keʔúa 'to drown' ; kua , kakuʔua 'to perish'";"s keʔúa 'ertrinken' ; kua, kakuʔua 'untergehen'";keʔəa;8_1683687872;k;130;5
1501;H16 èkèh(è) 'kapak pendek dan lebar';H16 èkèh(è) 'short broad axe';H16 èkèh(è) 'korte breede bijl';ekehe;8_1683688104;k;130;6
1519;MOD ediochéco Gambar 25 di halaman 167;MOD ediochéco fig.25 on p.167;MOD ediochéco fig. 25 auf S.167;ekẽkõõ;8_1683871912;k;131;11
1522;H16 èkèma 'limpa';H16 èkèma 'spleen';H16 èkèma 'milt';ekemã;8_1683873516;k;132;1
1526;lihat nẽmẽʔĩ;see nẽmẽʔĩ;s nẽmẽʔĩ;kemẽʔĩ;8_1683879047;k;132;5
1533;lihat kanãʔã:ĩ;see kanãʔã:ĩ;s kanãʔã:ĩ;kẽnẽ;8_1683883766;k;132;12
1538;namun VIz36 eke?[e]o 'rotan' dan G73: ebáka ukè?o 'duri batang rotan' , ML pucuk;but VIz36 eke?[e]o 'rotan' and G73: ebáka ukè?o 'stem thorns of the rotan' , ML pucuk;aber VIz36 eke?[e]o 'Rotan und' G73: ebáka ukè?o 'Stengeldornen des Rotan', ML pucuk;ekéʔo;8_1684211748;k;134;2
1544;bandingkan kepoʔa;compare kepoʔa;vgl kepoʔa;kepəʔa;8_1684213149;k;134;8
1546;bandingkan kepəʔa;compare kepəʔa;vgl kepəʔa;kepoʔa;8_1684215157;k;134;10
1548;G3: 'jenis rumput';G3: 'grass type';G3: 'Grasart';ekẽpũũ;8_1684217392;k;134;12
1554;"bandingkan kakuʔua ; keʔəa";"compare kakuʔua ; keʔəa";"vgl kakuʔua ; keʔəa";keʔúa;8_1684218128;k;134;18
1558;"lihat kɔ̃ɔ̃ ; kõõ";"see kɔ̃ɔ̃ ; kõõ";"s kɔ̃ɔ̃ ; kõõ";kəa;8_1684220112;k;135;4
1561;"lihat hekoʔo ; kəʔəa⁴ ; kõʔõʔã";"see hekoʔo ; kəʔəa⁴ ; kõʔõʔã";"s hekoʔo ; kəʔəa⁴ ; kõʔõʔã";kəʔa;8_1684292694;k;136;1
1562;lihat kə́ʔəa¹;see kə́ʔəa¹;s kə́ʔəa¹;kə̃ʔã;8_1684292801;k;136;2
1568;lihat kəkəda:i;see kəkəda:i;s kəkəda:i;kəda:i;8_1684300544;k;137;1
1573;"lihat kəʔa ; hekoʔo";"see kəʔa ; hekoʔo";"s kəʔa ; hekoʔo";kəʔəa;8_1684302640;k;137;6
1577;bandingkan kɔʔa;compare kɔʔa;vgl kɔʔa;kə́həa;8_1684303672;k;137;10
1580;lihat kəhi;see kəhi;s kəhi;kəhɔya;8_1684413701;k;138;3
1584;lihat nɔ̃kĩ;see nɔ̃kĩ;s nɔ̃kĩ;kəki;8_1684417252;k;138;7
1587;bandingkan ekũnũnṹhũã;compare ekũnũnṹhũã;vgl ekũnũnṹhũã;ekɔ̃nɔ̃hã uuba;8_1684418349;k;138;10
1594;"107z26; Orang ketiga jamak, mengawali kata ganti kepemilikan, § 14b";"107z26 ; 3rd Person Plural , preceding possessive pronoun , § 14b";"107z26 ; 3.Pl, vorangestelltes Possessivpronomen, § 14b";ki (-);8_1684471928;k;138;17
1596;lihat ia;see ia;s ia;kia;8_1684472711;k;138;19
1610;DEC 2628 Payena Suringariana;DEC 2628 Payena Suringariana;DEC 2628 Payena Suringariana;ekiʔaha:itu;9_1683686720;k;140;5
1612;XIz16, H88:284;XIz16 , H88:284;XIz16, H88:284;ekiakəʔa;9_1683686938;k;140;7
1621;lihat kiaʔa:odi;see kiaʔa:odi;s kiaʔa:odi;kiʔ-a:odi;9_1683689247;k;140;16
1638;"§ 32b ; kata tunggal/satu-satunya dengan -e- ≠ ɛ";"§ 32b ; single/only word with -e- ≠ ɛ";"§ 32b ; einziges Wort mit -e- ≠ ɛ";kídera;9_1683690990;k;141;12
1639;lihat Vdəhəa;see Vdəhəa;s Vdəhəa;kidə́həa;9_1683691100;k;141;13
1651;lihat ĩxã;see ĩxã;s ĩxã;kĩxã;9_1683772482;k;142;6
1652;lihat kĩxĩ;see kĩxĩ;s kĩxĩ;kĩxã;9_1683773086;k;142;7
1657;lihat ekixuda;see ekixuda;s ekixuda;ekixəhəda;9_1683773931;k;142;12
1658;lihat kaʔakixi;see kaʔakixi;s kaʔakixi;kixi;9_1683773964;k;142;13
1659;G54, mengapa tidak -x-?;G54 , why not -x-?;G54, warum nicht -x-?;kĩhĩ;9_1683774121;k;142;14
1660;lihat kĩxã²;see kĩxã²;s kĩxã²;kĩxĩ;9_1683775463;k;142;15
1662;DES 554 kihi 'Calamus insignis Griff';DEC 554 kihi 'Calamus insignis Griff';DEC 554 kihi Calamus insignis Griff;ekĩxĩ;9_1683775815;k;143;2
1667;bandingkan kĩhĩ = kĩhũ;compare kĩhĩ = kĩhũ;vgl kĩhĩ = kĩhũ;kĩxõ;9_1683777349;k;143;8
1670;"H16 èkiehoedo 'urat daun kelapa; obor yang tidak terbakar'";"H16 èkiehoedo 'coconut leaf vein ; unburning torch'";"H16 èkiehoedo 'nerf van het kokosblad ; niet brandende toorts'";ekixudo;9_1683777864;k;144;2
1672;lihat ekixo²;see ekixo²;s ekixo²;ekixupapa;9_1683778047;k;144;4
1676;"H88:277 èabo dari kitou ; ML pisang tanduk";"H88:277 èabo of kitou ; ML pisang tanduk";"H88:277 èabo of kitou ; ML pisang tanduk";ekiʔidau;9_1683778460;k;144;8
1678;"bandingkan keʔei ; kieʔei";"compare keʔei ; kieʔei";"vgl keʔei ; kieʔei";kiʔikeʔe:i;9_1683778833;k;144;10
1684;"MOD 227: Namun, jaring persegi panjang kecil yang disebut chi idán (Gambar 40), yang dilengkapi di sepanjang tepinya dengan kerang kecil yang berfungsi sebagai pemberat, lebih disukai; jaring ini digantung pada dua tongkat yang dibawa oleh para nelayan untuk berburu menggunakan jaring di bawah bebatuan dan di perairan dangkal.";"MOD 227: However , the small rectangular nets called chi idán (fig.40) , equipped along the edges with small shells that act as weights , are much preferred ; they are strung on two sticks that the fishermen take in hand to hunt the net under the rocks and in shallow waters.";"MOD 227: Sono però di gran lunga preferite le piccole reti rettangolari dette chi idán (fig.40), munite lungo gli orli di piccole conchiglie che fanno da pesi ; stanno infilate su due bastoncelli che i pescatori prendono in mano per cacciare la reticella sotto gli scogli e nelle acque basse.";ekiʔitau;9_1683938605;k;144;16
1685;H88:277 èabo dari kitou;H88:277 èabo of kitou;H88:277 èabo of kitou;ekiʔitau;9_1683939037;k;145;1
1686;"IXz22; MOD 219 echíca";"IXz22 ; MOD 219 echíca";"IXz22 ; MOD 219 echíca";ekĩkã;9_1683939283;k;145;2
1687;"lihat nĩkã ; vgl ʔika²";"see nĩkã ; vgl ʔika²";"s nĩkã ; vgl ʔika²";kĩkã;9_1683939457;k;145;3
1688;"104z3lff ; MOD Tabel XI di halaman 137";"104z3lff ; MOD table XI on p.137";"104z3lff ; MOD tav.XI auf S.137";ekikapaʔa;9_1683940058;k;145;4
1691;lihat nĩkĩ;see nĩkĩ;s nĩkĩ;kiki;9_1683940232;k;145;7
1697;DEC 2181 dan Heyne 147/4444 kikohak 'Manihot utilissima';DEC 2181 and Heyne 147/4444 kikohak 'Manihot utilissima';DEC 2181 und Heyne 147/4444 kikohak 'Manihot utilissima';ekikoha;9_1683945684;k;145;13
1700;DEC 931 Ctenolophon parvifolius Oliv.;DEC 931 Ctenolophon parvifolius Oliv.;DEC931 Ctenolophon parvifolius Oliv.;ekikoʔóka;9_1683946018;k;145;16
1701;"104z29: dari daun pandan; MOD teicáua, Tabel XVI di halaman 191 dan Gambar 38 di halaman 215; H16 kiekooe(w)a 'tutup kepala yang terbuat dari rotan, pandan atau daun nipah, ...'";"104z29: from pandanus leaves ; MOD teicáua , table XVI on p.191 and fig.38 on p.215 ; H16 kiekooe(w)a 'a headgear made of rattan , pandanus or nipah leaf , ...'";"104z29: aus Pandanusblättern ; MOD teicáua, tav.XVI auf S.191 und fig.38 auf S.215 ; H16 kiekooe(w)a 'een hoofddeksel vervaardigd van rottan, pandanus of nipahblad, ...'";ekikoʔṍ:ṹʔũã;9_1683946343;k;145;17
1706;DEC 954 dan Heyne 275/8599 kimoeni 'Cucumis Sativus';DEC 954 and Heyne 275/8599 kimoeni 'Cucumis Sativus';DEC 954 und Heyne 275/8599 kimoeni 'Cucumis Sativus';ekimũnĩ;9_1684161082;k;146;5
1722;H16 èkienono 'kapulaga, langkoewas';H16 èkienono 'cardamom , langkoewas';H16 èkienono 'cardamom, langkoewas';ekĩnõnõ;9_1684250436;k;147;8
1728;lihat kinõõ²;see kinõõ²;s kinõõ²;kĩʔõõ;9_1684251022;k;147;14
1736;"bandingkan hekoʔo ; ekĩʔõõkĩʔõõ";"compare hekoʔo ; ekĩʔõõkĩʔõõ";"vgl hekoʔo ; ekĩʔõõkĩʔõõ";kiʔoʔo;9_1684291457;k;148;7
1744;bandingkan kaʔakinĩpã 'violet';compare kaʔakinĩpã 'violett';vgl kaʔakinĩpã 'violett';kĩpã;9_1684293594;k;149;5
1761;lihat kabo , kita¹;see kabo , kita¹;s kabo, kita¹;ekitabo;11_1684913499;k;151;4
1774;"§ 32b ; kata tunggal dengan -e- ≠ ɛ";"§ 32b ; single word with -e- ≠ ɛ";"§ 32b ; einziges Wort mit -e- ≠ ɛ";kítera;12_1684914315;k;152;6
1792;bandingkan ekahiabi;compare ekahiabi;vgl ekahiabi;ekiʔuda:ixo;15_1684804708;k;154;4
1795;"92z17: burung madu; H88:277 èkijoek² 'serindik' ; 'Loriculus galgulus'";"92z17: honey bird ; H88:277 èkijoek² 'serindik' ; 'Loriculus galgulus'";"92z17: Honigvogel ; H88:277 èkijoek² 'serindik' ; 'Loriculus galgulus'";ekiuʔi;15_1684805624;k;154;7
1796;bandingkan hadixadiuka;compare hadixadiuka;vgl hadixadiuka;kiúka;15_1684806125;k;154;8
1811;lihat kóaʔa;see kóaʔa;s kóaʔa;kóaʔa:o;15_1684893520;k;155;9
1813;"106z5-19; MOD: 128";"106z5-19 ; MOD:128";"106z5-19 ; MOD:128";ekoʔadodo;15_1684893870;k;155;11
1818;lihat kõkõnã;see kõkõnã;s kõkõnã;koanã;17_1684850911;k;156;3
1824;H88:278 kabaroekoe;H88:278 kabaroekoe;H88:278 kabaroekoe;ekobarúku;10_1683772847;k;157;2
1827;bandingkan POC nsola;compare POC nsola;vgl POC nsola;kode;10_1683773886;k;157;5
1829;lihat kedi , kuhedi;see kedi , kuhedi;s kedi, kuhedi;kodi;10_1683775703;k;157;7
1830;"lihat kudío-o:i ; G43";"see kudío·o:i ; G43";"s kudío·o:i ; G43";kadío;10_1683775900;k;157;8
1833;Heyne 53/1862 koro-koro 'lada hitam';Heyne 53/1862 koro-koro 'black pepper';Heyne 53/1862 koro-koro 'Piper nigrum';ekodoko;10_1683777480;k;158;2
1836;lihat juga K75:105-122;see also K75:105-122;S auch K75:105-122;ekoʔeʔe;10_1683778683;k;158;5
1838;H88:309 Pulau Kaufanoe (Pulau Merbau) ... namanya berasal dari banyaknya Kaufanoe yang ditemukan di sana.;H88:309 the island of Kaufanoe (Pulau Merbau) .. owes its name to the many Kaufanoes that are found there.;H88:309 het eiland Kaoefanoe (Pulau Merbau) .. heeft zijn naam te danken aan de vele Kaoefanoes, die aldaar worden aangetroffen.;ekoʔepãnũ;10_1684025477;k;158;7
1844;H16 kohèaq 'gubuk' , èkohèaq 'dirinya sendiri dengan daun-daun, int. dari pandan, tempat berlindung dari hujan, penutup hujan';"H16 kohèaq 'hut' , èkohèaq 'herself with leaves , int. of the pandanus , shelter from the rain ; rain cover.'";"H16 kohèaq 'hut', èkohèaq 'zich met bladeren, inz. van den pandanus, beschutten tegen den regen ; regenscherm.'";ekohéaʔa;10_1684206125;k;159;2
1848;lihat kohoi;see kohoi;s kohoi;kohoo;10_1684208788;k;159;6
1849;bandingkan doho;compare doho;vgl doho;kohodi;10_1684209771;k;159;7
1853;lihat kuhoi;see kuhoi;s kuhoi;kõhõ[ʔ]ĩ;10_1684210646;k;160;4
1856;lihat kokoi;see kokoi;s kokoi;koi;10_1684234186;k;160;7
1857;bandingkan kikõmõĩ[ñ]ãʔã;compare kikõmõĩ[ñ]ãʔã;vgl kikõmõĩ[ñ]ãʔã;koi;10_1684234902;k;160;8
1861;"DEC 1671 kokya; Heyne 7/47 ekokjaoe, ekoknjaoe 'Gnetum Gnemon L.'; XIz33f Jaring ikan dibuat dari kulit pohon baguk; XIIz6 perempuan menjahit dengan benang rafia baguk";"DEC 1671 kokya ; Heyne 7/47 ekokjaoe , ekoknjaoe 'Gnetum Gnemon L.' ; XIz33f Fishing nets were made from the bast of the baguk tree ; XIIz6 women sewed with threads of baguk raffia";"DEC 1671 kokja ; Heyne 7/47 ekokjaoe, ekoknjaoe 'Gnetum Gnemon L. ; XIz33f Fischnetze wurden aus dem Bast des baguk-Baumes angefertigt ; XIIz6 Frauen nähten mit Fäden aus baguk-Bast";ekõʔĩãõ;10_1684235787;k;161;3
1862;lihat eodi ukõʔĩãũ;see eodi ukõʔĩãũ;s eodi ukõʔĩãũ;ekõʔĩãũ;10_1684235859;k;161;4
1885;H16 kolè 'membawa beban di atas bahu di kedua ujung tongkat';H16 kolè 'carrying loads over one's shoulders at both ends of a stick';H16 kolè 'het aan beide einden van een stok over de schouders dragen van lasten, wegdragen';kole;10_1684979326;k;164;1
1889;de Jong 26: Di atas terumbu karang, kita dapat melihat kuntul dan kuntul ungu dalam jumlah yang banyak [Demigretta sacra sacra Gmelin, Ardea purpurea manillensis Meyen];de Jong 26: On the reef one sees great numbers of egrets and purple herons [Demigretta sacra sacra Gmelin , Ardea purpurea manillensis Meyen];de Jong 26: Op het rif ziet men in groote getale zilver- en purperreigers [Demigretta sacra sacra Gmelin, Ardea purpurea manillensis Meyen];e[ʔ]akõmãʔã;10_1685054848;k;164;5
1890;"XIIz13ff Batang (perahu) dihiasi dengan burung yang diukir dari kayu, yang seharusnya melambangkan seekor bangau terbang eakõmãʔã:õ. Dia adalah simbol kecepatan; MOD 209: ... pahatan yang melambangkan burung-burung dengan sayap terbentang (Gambar 36 di halaman 210) dengan mata seperti mutiara, yang tidak diragukan lagi menyerupai burung ardea, pelatuk dan nuri, semua binatang terbang. ... Euciá eloha (= ekuʔiʔiau udahao) adalah sebutan untuk burung-burung itu dan kepala manusia yang ada di bagian belakangnya.";"XIIz13ff The (boat) stem was decorated with a bird carved out of wood , which should represent a flying heron eakõmãʔã:õ. He was a symbol of speed. ; MOD 209: ... sculptures representing birds with spread wings (fig.36 on p.210) with mother-of-pearl eyes , which undoubtedly resemble ardeas , woodpeckers and parrots , all flying animals. ...Euciá eloha (= ekuʔiʔiau udahao) are called the birds and the human heads that are on the prow.";"XIIz13ff Der (Boots-) Steven war mit einem aus Holz geschnitzten Vogel, der einen fliegenden Reiher eakõmãʔã:õ darstellen sollte, geschmückt. Er war Symbol der Schnelligkeit. ; MOD 209: ... sculture rappresentanti uccelli ad ali spiegate (fig.36 auf S.210) con gli occhi di madreperla, che somigliano indubbiamente alle ardee, ai picchioni ed ai pappagalli, tutti animali volatori. ...Euciá eloha (= ekuʔiʔiau udahao) sono detti gli uccelli e le teste umane che stanno sulla prua.";eakõmãʔã:õ;10_1685055498;k;164;6
1891;"105z6-24 ekumãkũũ 'setan' ; MOD 128 Ecoè comácu tinggal di gua-gua, berjenggot panjang dan berambut sampai ke bahu";"105z6-24 ekumãkũũ 'a demon' ; MOD 128 Ecoè comácu lives in caves , has a long beard and hair down to his shoulders";"105z6-24 ekumãkũũ 'ein Dämon' ; MOD 128 Ecoè comácu sta nelle caverne, ha la barba lunga ed i capelli fino alle spalle";ekomãkũũ;10_1685056239;k;164;7
1927;lihat koʔo [d]i;see koʔo[d]i;s koʔo[d]i;koʔo:i;19_1683692592;k;167;12
1940;lihat ekoʔeʔe;see ekoʔeʔe;s ekoʔeʔe;ekõʔõmãñõ;19_1684102947;k;169;1
1948;"H88:278 kafakijo 'ikan belang' ;= ekapaʔi[y]oi";"H88:278 kafakijo 'ikan belang' ;= ekapaʔi[y]oi";"H88:278 kafakijo 'ikan belang' ;= ekapaʔi[y]oi";ekopeʔudu;19_1684103724;k;169;9
1952;lihat kokopiʔi, hopiʔi;see kokopiʔi , hopiʔi;s kokopiʔi, hopiʔi;kopiʔi;19_1683782567;k;170;1
1955;bandingkan edopo (Oǃ) 'bumi';compare edopo (Oǃ) 'Earth';vgl edopo (Oǃ) 'Erde';kõpõ;19_1683783190;k;170;4
1966;lihat koroa , koroi;see koroa , koroi;s koroa, koroi;koro;19_1684104789;k;171;7
1977;"lihat kuʔa¹ ; kũʔũã , koʔa¹";"see kuʔa¹ ; kũʔũã , koʔa¹";"s kuʔa¹ ; kũʔũã, koʔa¹";kua;19_1684108637;k;172;7
1980;"lihat kua² ; kṹʔũã²";"see  kua² ; kṹʔũã²";"s  kua² ; kṹʔũã²";kuʔa;19_1684294139;k;173;3
1982;lihat kuʔaʔa;see kuʔaʔa;s kuʔaʔa;kuʔa;19_1684322604;k;173;5
2015;§ 26a;§ 26a;§ 26a;kude i-;15_1683517713;k;175;17
2030;"bandingkan ekuo; ekudio";"compare ekuo ; ekudio";"vgl ekuo ; ekudio";ekue;15_1683690094;k;177;7
2041;bandingkan kuah[a]i;compare kuah[a]i;vgl kuah[a]i;kuhi;15_1683775918;k;178;5
2052;"49z18: = emõnõĩ ; MOD 209 ecuia elohá , Gambar 36 di halaman 210 ; Gambar Marschall 1982: 31";"49z18: = emõnõĩ ; MOD 209 ecuia elohá , fig.36 on p.210 ; Figure Marschall 1982:31";"49z18: = emõnõĩ ; MOD 209 ecuia elohá, fig.36 auf S.210 ; Abb Marschall 1982:31";ekuʔiʔiau;15_1684658052;k;180;4
2053;H88 : 277 koewie koewie;H88 : 277 koewie koewie;H88 : 277 koewie koewie;ekuikui;15_1684078768;k;180;5
2076;lihat eiʔo;see eiʔo;s eiʔo;ekukuʔuíʔo uʔa:iyo;15_1684275869;k;183;8
2077;"G50; DEC 2575 Pangium edule Reinw.";"G50 ; DEC 2575 Pangium edule Reinw.";"G50 ; DEC 2575 Pangium edule Reinw.";ekukuʔúiyo;15_1684276172;k;183;9
2080;MOD Tabel XIII di halaman 161?;MOD table XIII on p.161?;MOD tav.XIII auf S.161?;ekũmãkĩã;15_1684374120;k;183;12
2081;"105z6; MOD 128 ecoè comácu tinggal di gua-gua, berjanggut panjang dan berambut sampai ke bahunya; lihat ekomãkũũ";"105z6 ; MOD 128 ecoè comácu lives in caves , has a long beard and hair down to his shoulders ; see ekomãkũũ";"105z6 ; MOD 128 ecoè comácu sta nelle caverne, ha la barba lunga ed i capelli fino alle spalle ; s ekomãkũũ";ekũmãkũũ;15_1684375576;k;183;13
2096;H16 koenajo;H16 koenajo;H16 koenajo;ekũnã:ĩnõ;17_1683982202;k;185;3
2098;lihat kokonĩʔĩ;see kokonĩʔĩ;s kokonĩʔĩ;ekunĩnĩ;17_1683982995;k;185;5
2099;bandingkan ekə̃nə̃[nə̃]hã;compare ekə̃nə̃[nə̃]hã;vgl ekə̃nə̃[nə̃]hã;ekũnũnṹhũã uiʔo;17_1683983407;k;185;6
2101;lihat ekue , ekudio;see ekue , ekudio;s ekue, ekudio;ekuo;17_1683987889;k;185;8
2110;lihat kupe;see kupe;s kupe;kupeʔaʔa;17_1684157649;k;186;5
2111;lihat kupe;see kupe;s kupe;kupeʔe:i;17_1684157728;k;186;6
2112;lihat kupe;see kupe;s kupe;kupeʔi;17_1684157777;k;186;7
2113;"lihat upo , hupo ; BAR gumbo , kombo ; Bugi gempuŋ";"see upo , hupo ; BAR gumbo , kombo ; Bugi gempuŋ";"s upo, hupo ; BAR gumbo, kombo ; Bugi gempuŋ";kupo;17_1684158039;k;186;8
2122;lihat kuʔa²;see kuʔa²;s kuʔa²;kúʔua;17_1684244700;k;187;5
2123;lihat kuʔa¹ , kṹʔũã²;see kuʔa¹ , kṹʔũã²;s kuʔa¹, kṹʔũã²;kúʔua;17_1684244839;k;187;6
2126;lihat kuʔa¹ , kuʔua² – kedua-duanya oral;see kuʔa¹ , kuʔua² - 'beide Oǃ';s kuʔa¹, kuʔua² - 'beide Oǃ';kṹʔũã;17_1684245733;k;187;9
2127;lihat kua² , kəʔa - kedua-duanya oral;see kua² , kəʔa - 'beide Oǃ';s kua², kəʔa - 'beide Oǃ';kṹʔũã;17_1684246093;k;187;10
2134;H88: 277 koekoebaka;H88: 277 koekoebaka;H88: 277 koekoebaka;ekuʔukuʔu ubaka;17_1684675601;k;188;5
2160;H88:277 mahamè;H88:277 mahamè;H88:277 mahamè;emãhãmẽ;15_1687837230;m;189;10
2164;H88:277 mahokakie 'ML boeroeng kling';H88:277 mahokakie 'ML boeroeng kling';H88:277 mahokakie 'ML boeroeng kling';emãhõkãkĩ;15_1687837762;m;189;14
2165;DES 601 Cananga odorata;DEC 601 Cananga odorata;DEC 601 Cananga odorata;ema:inãʔá:úa:i;15_1687838004;m;189;15
2174;onomotopeia;onomotopeia;onom;emẽ́ãũ;15_1688034962;m;190;5
2176;"lihat mẽmẽhẽ ; mẽhẽnã";"see mẽmẽhẽ ; mẽhẽnã";"s mẽmẽhẽ ; mẽhẽnã";mẽhẽ;15_1688035369;m;190;7
2183;132z10;132z10;132z10:;emẽnã́:ṹhũã;15_1688050835;m;190;14
2189;H88:277 memona;H88:277 memona;H88:277 memona;emə̃mə̃nãã;15_1688053208;m;191;5
2192;lihat mĩmĩxĩ;see mĩmĩxĩ;s mĩmĩxĩ;mĩxĩ;15_1688054377;m;191;8
2204;DEC 322 minok-minok 'Arenga saccharifera Labill.' , Heyne 21/575 eminoe-minoe 'Arenga pinnata , Zuckerpalme';DEC 322 minok-minok 'Arenga saccharifera Labill.' , Heyne 21/575 eminoe-minoe 'Arenga pinnata , Zuckerpalme';DEC 322 minok-minok 'Arenga saccharifera Labill.', Heyne 21/575 eminoe-minoe 'Arenga pinnata, Zuckerpalme';emĩnũmĩnũ;15_1688124475;m;192;10
2209;G30;G30;G30;emṍã;15_1688197608;m;193;1
2214;"DEC 1314 momok-momok 'Eugenia sp.div.' ; ebaʔa:ue 'buah jambu'";"DEC 1314 momok-momok 'Eugenia sp.div.' ; ebaʔa:ue 'Jambu fruit'";"DEC 1314 momok-momok 'Eugenia sp.div.' ; Jambufrucht': ebaʔa:ue";emõmõ;15_1688199053;m;193;6
2216;lihat õmõ;see õmõ;s õmõ;mõmõ;15_1688199166;m;193;8
2224;"XIIz13 dst: Batangnya dihiasi dengan ukiran burung dari kayu (eakomãʔã:õ). Ia adalah simbol kecepatan. MOD 209: emanò elohá 'ornamen buritan'; Gambar 37 di halaman 211; setelah 54z15-18 namun pada haluan dan setelah 49z18 emõnõĩ = ekuʔiʔiau; bdk. eupuruhui";"XIIz13ff: The stem was decorated with a carved wooden bird (eakomãʔã:õ). He was a symbol of speed. MOD 209: emanò elohá 'the ornament of the stern' ; fig.37 on p.211 ; after 54z15-18 however at the bow and after 49z18 emõnõĩ = ekuʔiʔiau ; cf. eupuruhui";"XIIz13ff: Der Steven war mit einem aus Holz geschnitzten Vogel (eakomãʔã:õ) geschmückt. Er war Symbol der Schnelligkeit. MOD 209: emanò elohá 'è l'ornamento della poppa' ; fig.37 auf S.211 ; nach 54z15-18 jedoch am Bug und nach 49z18 emõnõĩ = ekuʔiʔiau ; vgl eupuruhui";emõnõĩ;15_1688202006;m;194;2
2225;"lihat hẽmõʔõ ; hõmõʔõ ; §§ 8g dan h , 21d dan e";"see hẽmõʔõ ; hõmõʔõ ;  §§ 8g and h , 21d and e";"s hẽmõʔõ ; hõmõʔõ ;  §§ 8g und h, 21d und e";mõʔõ;15_1688202149;m;194;3
2226;lihat mõmõʔõ;see mõmõʔõ;s mõmõʔõ;mõʔõ;15_1688202328;m;194;4
2233;= H88:276 amok-amok 'ML kayu pipal'?;= H88:276 amok-amok 'ML kayu pipal?';= H88:276 amok-amok 'ML kayu pipal?';emũʔãmũʔã;15_1688203678;m;194;11
2236;lihat nũkõʔõ;see nũkõʔõ;s nũkõʔõ;mũkõʔõ;10_1689482313;m;195;2
2247;bandingkan § 29;compare § 29;vgl § 29;nã-;10_1689484421;n;195;13
2252;"bandingkan edaʔa- ; H16 nahaja";"compare edaʔa- ; H16 nahaja";"vgl edaʔa- ; H16 nahaja";nãʔãhã:ĩyã;10_1689593555;n;196;6
2258;"114z20: Mugil planiceps ; H88: 277f èjanaok 'ikan djompol'";"114z20: Mugil planiceps ; H88:277f èjanaok 'ikan djompol'";"114z20: Mugil planiceps ; H88:277f èjanaok 'ikan djompol'";eanãʔã́:ṍʔõã;10_1689597021;n;197;2
2259;"Jaspan 60f: Roh leluhur jarang disebut secara individu atau dengan nama tetapi disebut secara kolektif sebagai kenaʔapuahʔnai; de Jong 37: Crocodilus porosus Schn. dan MOD 251: Crocodilus biporcatus";"Jaspan 60f: Ancestral spirits are seldom addressed individually or by name but are refered to collectively as kenaʔapuahʔnai ; de Jong 37: Crocodilus porosus Schn. and MOD 251: Crocodilus biporcatus";"Jaspan 60f: Ancestral spirits are seldom addressed individually or by name but are refered to collectively as kenaʔapuahʔnai ; de Jong 37: Crocodilus porosus Schn. und MOD 251: Crocodilus biporcatus";enãʔãpũã;10_1689597605;n;197;3
2261;"§ 2b; lihat nãhã";"§ 2b ; see nãhã";"§ 2b ; s nãhã";nãẽ;10_1689598407;n;197;5
2266;bandingkan edaʔa-;compare edaʔa-;vgl edaʔa-;enãhã:õnãhã;10_1689598944;n;197;10
2268;"bandingkan enãhã:õnãhã , edaʔa- ; 14z12";"compare enãhã:õnãhã , edaʔa- ; 14z12";"vgl enãhã:õnãhã, edaʔa- ; 14z12";nãʔĩʔãhã;10_1689599248;n;197;12
2273;untuk bentuk yang akan datang, § 29d;for the future , § 29d;für die Zukunft, § 29d;nãkũãnõ;10_1689604258;n;198;2
2280;"lihat kanã:ĩñã ; kanãñã ; nãnãyãʔã ; nə̃nə̃nãʔã";"see kanã:ĩñã ; kanãñã ; nãnãyãʔã ; nə̃nə̃nãʔã";"s kanã:ĩñã ; kanãñã ; nãnãyãʔã ; nə̃nə̃nãʔã";nãnãĩñã;10_1689605876;n;198;9
2282;"bandingkan nẽnẽkĩ ; nə̃nə̃kĩ 'melingkari'";"compare nẽnẽkĩ ; nə̃nə̃kĩ 'encircle'";"vgl nẽnẽkĩ ; nə̃nə̃kĩ 'einkreisen'";nãnã́ki;10_1689606013;n;198;11
2285;lihat kanã:ĩñã , nãnãĩñã;see kanã:ĩñã , nãnãĩñã;s kanã:ĩñã, nãnãĩñã;nãnãyã;10_1689606726;n;199;3
2292;bandingkan daʔakopahã: ĩʔĩã;compare daʔakopahã:ĩʔĩã;vgl daʔakopahã:ĩʔĩã;napõãhã;10_1689608567;n;199;10
2293;lihat mãʔãnãpõnãʔã;see mãʔãnãpõnãʔã;s mãʔãnãpõnãʔã;napõnãʔã;10_1689608715;n;199;11
2304;lihat panẽẽ , nẽhẽ;see panẽẽ , nẽhẽ;s panẽẽ, nẽhẽ;nẽẽ;17_1688736430;n;200;9
2306;lihat nẽnẽã;see nẽnẽã;s nẽnẽã;nẽã;17_1688736692;n;200;11
2310;"G32: ML simpur ; DEC 1101 enehe 'Dillenia aurea Smith' ; VIIz6";"G32: ML simpur ; DEC 1101 enehe 'Dillenia aurea Smith' ; VIIz6";"G32: ML simpur ; DEC 1101 enehe 'Dillenia aurea Smith' ; VIIz6";enẽ́hẽ:ĩ;17_1688737303;n;200;15
2311;H16 ènèka , dètar 'jilbab';H16 ènèka , dètar 'headscarf';H16 ènèka, dètar 'hoofddoek';enẽkãʔã;17_1688737409;n;200;16
2323;lihat nẽnẽkã , nẽnẽkĩ¹;see nẽnẽkã , nẽnẽkĩ¹;s nẽnẽkã, nẽnẽkĩ¹;nẽnẽkṽ;17_1688824033;n;202;3
2326;bandingkan nãnãkĩ;compare nãnãkĩ;vgl nãnãkĩ;nẽnẽkĩ;17_1688824916;n;202;6
2338;bandingkan nõkõʔõ:ĩ;compare nõkõʔõ:ĩ;vgl nõkõʔõ:ĩ;eanə̃kõʔõ:ĩ;17_1688907323;n;203;7
2358;lihat nãpũnũ;see nãpũnũ;s nãpũnũ;nĩnĩpũã;12_1687753747;n;205;5
2359;"lihat ipu ; hipu ; hixipu";"see ipu ; hipu ; hixipu";"s ipu ; hipu ; hixipu";nĩnĩpũĩ;12_1687753893;n;205;6
2364;"lihat hipu-i ; ipu ; nĩnĩpũĩ";"see hipu·i ; ipu ; nĩnĩpũĩ";"s hipu·i ; ipu ; nĩnĩpũĩ";nĩpũ·ĩ;12_1687754426;n;205;11
2367;"§ 31b ; lihat nõʔṍ:ĩ́ʔĩẽ ; nõʔõãhã";"§ 31b ; see nõʔṍ:ĩ́ʔĩẽ ; nõʔõãhã";"§ 31b ; s nõʔṍ:ĩ́ʔĩẽ ; nõʔõãhã";nõõ;12_1687754773;n;205;14
2377;"G30, 11 ; DEC 426 Barringtonia spicata Bl. ; G11: ""wanita itu membuat cawat baru dari daun 'pohon inõʔĩnõĩ'""";"G30 ,11 ; DEC 426 Barringtonia spicata Bl. ; G11: ""the woman makes herself a new loincloth out of the leaves of the 'inõʔĩnõĩ tree'""";"G30,11 ; DEC 426 Barringtonia spicata Bl. ; G11: ""die Frau macht sich einen neuen Lendenschurz aus den Blättern des 'Inõʔĩnõĩ-Baumes'""";enõʔĩnõĩ;12_1687764729;n;206;9
2385;bandingkan komẽnĩ;compare komẽnĩ;vgl komẽnĩ;nõmẽ́·ãnĩ;12_1687792073;n;207;6
2419;Heyne 19/102 ejako 'zea mays';Heyne 19/102 ejako 'zea mays';Heyne 19/102 ejako 'zea mays';eñãkõ;12_1687824576;ñ;210;4
2420;§ 60: kata benda gerundive , bukan gerundiiǃ , C= konsonan pendukung: h , y , dll;§ 60: nouns gerundive , not gerundiiǃ , C= supporting consonant: h , y , etc;§ 60: Nomen gerundivi, nicht gerundiiǃ, C= Stützkonsonant: h, y, usw;-[C]o;12_1687824865;o;210;1
2442;lihat ʔoʔoba;see ʔoʔoba;s ʔoʔoba;ʔoba;12_1687845475;o;212;7
2452;lihat ʔoʔobo;see ʔoʔobo;s ʔoʔobo;ʔobo;12_1687847379;o;213;7
2455;lihat ʔoʔoboi;see ʔoʔoboi;s ʔoʔoboi;ʔoboi;12_1688367265;o;214;1
2456;"lihat buo; ʔoʔobu";"see buo ; ʔoʔobu";"s buo ; ʔoʔobu";ʔobu;12_1688368186;o;214;2
2463;"IXz16-19: Pada festival-festival besar, para pria mengenakan ikat kepala yang dikepang dari bulu babi, dengan lebar sekitar 15 cm, di mana bulu-bulu burung ditancapkan sebagai hiasan [MOD Tabel XII di halaman 149]; MOD 152: Pria Enggano ketika berpakaian pesta memiliki lingkaran kecil di kepalanya, ditenun dari bulu babi hutan dan dihiasi dengan pena dengan berbagai macam warna. Ini disebut eprúru còio dan ini berarti bulu babi - bulu babi dan bulu manusia disebut dengan cara yang sama";"IXz16-19: At large festivals , the men wore braided headbands made of pig hair , about 15 cm wide , into which bird feathers were stuck as decoration [MOD table XII on p.149]. ; MOD 152: The man of Enggano when he dresses as a party has a small circle on his head , woven with wild boar hair and adorned with pens of various colors. It's called eprúru còio and this means pig bristle - bristle and human hair are said in the same way";"IXz16-19: Bei großen Festen trugen die Männer aus Schweinehaaren geflochtene, etwa 15 cm breite Stirnbänder, in die Vogelfedern als Schmuck gesteckt ware [MOD tav.XII auf S.149]. ; MOD 152: L’uomo d'Enggano quando si veste da festa ha ... sul capo un piccolo cerchio, tessuto di crini di cinghiale ed ornato di penne di vario colore. Si chiama eprúru còio e ciò significa setole di porco - setola e capello umano si dice nello stesso modo";eʔodi;19_1688026893;o;215;7
2469;"92z15 ; 104z15-18 ; MOD Tabel 12 di halaman 49 ; MOD 219: eudòco yaitu, 'sepotong cangkang Nautilus yang diukir secara artistik', Gambar 39 di halaman 220 ; G59 ; bandingkan eʔokodo 'celemek wanita yang terbuat dari manik-manik kaca Bugis'";"92z15 ; 104z15-18 ; MOD table 12 on p.49 ; MOD 219: the eudòco that is , 'a piece of artistically engraved Nautilus shell' , fig.39 on p.220 ; G59 ; compare eʔokodo 'Woman's apron made of Buginese glass beads'";"92z15 ; 104z15-18 ; MOD tav.12 auf S. 149 ; MOD 219: l’eudòco cioè un pezzo di conchiglia del Nautilus artisticamente incisa, fig.39 auf S.220 ; G59 ; vgl eʔokodo 'Frauenschurz aus buginesischen Glasperlen'";eʔodoko;19_1688027017;o;216;7
2470;"DEC 2343 eodoe , eoroe 'Morinda tinctoria Roxb.' ; Heyne 270/8463 eodoe , eoroe 'Morinda cirtifolia'";"DEC 2343 eodoe , eoroe 'Morinda tinctoria Roxb.' ; Heyne 270/8463 eodoe , eoroe 'Morinda cirtifolia'";"(DEC 2343 eodoe, eoroe 'Morinda tinctoria Roxb.' ; Heyne 270/8463 eodoe, eoroe 'Morinda cirtifolia')";eodu;19_1688022619;o;217;1
2481;lihat hõpõʔõ;see hõpõʔõ;s hõpõʔõ;õhõpõʔõ;19_1688025515;o;217;12
2491;lihat kaʔi [ʔi] la;see kaʔi[ʔi]la;s kaʔi[ʔi]la;ʔokada;19_1688028534;o;218;6
2494;bandingkan nə̃kii;compare nə̃kii;vgl nə̃kii;oki;19_1688029338;o;218;9
2498;lihat ʔoʔoki;see ʔoʔoki;s ʔoʔoki;ʔoki;19_1688037195;o;219;2
2504;DEC 2169 dan Heyne 153/4545 eokio 'Mangifera indica L';DEC 2169 and Heyne 153/4545 eokio 'Mangifera indica L';DEC 2169 und Heyne 153/4545 eokio 'Mangifera indica L;eʔokío;19_1688038575;o;219;8
2509;G9: Spesies burung!;G9: Bird species!;G9: Vogelartǃ;eokoáu;19_1688084843;o;220;4
2510;IXz16, 19-21: Pada festival-festival besar ... para wanita mengenakan ... celemek yang terbuat dari manik-manik kaca Bugis [lihat MOD Gambar 13-15 di halaman 153-155];IXz16 , 19-21: At great festivals ... women wore ... aprons made of Buginese glass beads [see MOD fig.13-15 on p.153-155];IXz16, 19-21: Bei großen Festen ... trugen Frauen ... Schurze aus buginesischen Glasperlen [siehe MOD fig.13-15 auf S.153-155];eʔokodo;19_1688085379;o;220;5
2513;lihat eookõnõ;see eookõnõ;s eookõnõ;eokono;19_1688085678;o;220;8
2514;H88:278 bontal;H88:278 bontal;H88:278 bontal;eokoʔodo;11_1687147938;o;221;1
2515;lihat nõkõʔõ:ĩ;see nõkõʔõ:ĩ;s nõkõʔõ:ĩ;ʔokoʔo:i;11_1687148162;o;221;2
2518;lihat konãmũ;see konãmũ;s konãmũ;ʔokũmṍnãmũ;11_1687148342;o;221;5
2520;102z23: (maskulin/netral/feminin) yang akan disiangi (kata benda);102z23: the (m/n/f) to-be-weeded (noun);102z23: d zu Jätende;eomãʔã:ĩñõ;11_1687148518;o;221;7
2528;"lihat e[ʔ]abeha ; H88:276 mohoi 'ML bamboe telang'";"s e[ʔ]abeha ; H88:276 mohoi 'ML bamboe telang'";"s e[ʔ]abeha ; H88:276 mohoi 'ML bamboe telang'";eõmõhĩ;11_1687149729;o;222;1
2534;lihat ʔõʔõnõ;see ʔõʔõnõ;s ʔõʔõnõ;ʔõnõ;11_1687150644;o;222;7
2535;DEC 1432 Ficus sp.div., pohon ara;DEC 1432 Ficus sp.div. , fig tree;DEC 1432 Ficus sp.div., Feigenbaum;eʔõnõ;11_1687150705;o;222;8
2537;H16 èononie 'sejenis rotan';H16 èononie 'a type of rattan';H16 èononie 'een rottansoort';eõnõnĩ;11_1687834090;o;223;2
2539;"lihat ʔõnõpã ; ʔõnõpĩ";"see ʔõnõpã ; ʔõnõpĩ";"s ʔõnõpã ; ʔõnõpĩ";ʔõnõpṼ;11_1687834265;o;223;4
2542;bandingkan dengan PAN bətu;compare PAN bətu;vgl PAN bətu;onũ;11_1687834670;o;223;7
2544;"lihat ʔaʔa; ʔaʔo";"see ʔaʔa ; ʔaʔo";"s ʔaʔa ; ʔaʔo";ʔoʔo;11_1687835014;o;223;9
2564;H16 èopa 'labu';H16 èopa 'gourd';H16 èopa 'kalebas';eʔopa;11_1687846237;o;226;4
2565;"lihat nõpai , ʔopoi ; G39: ; IXz1-4: Dengan opahã:ĩã, komunitas ditentukan , yang terdiri dari anggota dua klan utama. Para anggota sebuah komunitas desa dihubungkan melalui perkawinan. Mereka memanggil satu sama lain dengan sebutan eparopahai 'saudara kandung' ; H16 opahie(j) alias 'soekoe stam' ; bandingkan ãhai";"see nõpai , ʔopoi ; G39: ; IXz1-4: With opahã:ĩã the community was designated , which consisted of the members of two main clans. The members of a village community were connected through intermarriages. They addressed each other as eparopahai ""siblings"" ; H16 opahie(j)aka 'soekoe stam' ; compare ãhai";"s nõpai, ʔopoi ; G39: ; IXz1-4: Mit opahã:ĩã wurde die Gemeinschaft bezeichnet, die aus den Angehörigen zweier Hauptsippen bestand. Die Angehörigen einer Dorfgemeinschaft waren durch Wechselheiraten miteinander verbunden. Sie redeten sich mit eparopahai ""Geschwister""an ; H16 opahie(j)aka 'soekoe stam' ; Vgl ãhai";[ʔ]opahã:ĩã;11_1687846631;o;226;5
2584;lihat [ʔ] opahã:ĩã;see [ʔ]opahã:ĩã;s [ʔ]opahã:ĩã;ʔopoi;11_1688357508;o;228;5
2585;128z30: pakaian;128z30: dress;128z30: Kleid;eopó:uda;11_1688357596;o;228;6
2586;H88:276 èofoe 'rumput manis';H88:276 èofoe 'rumput manis';H88:276 èofoe 'rumput manis';eõpũ;11_1688357657;o;228;7
2587;MOD 121: orái;MOD 121: orái;MOD 121: orái;eʔoráe;11_1688357776;o;228;8
2589;XIz32f: keranjang besar (eorai), yang terbuat dari anyaman rotan dengan gagang, digunakan untuk mengangkut makanan;XIz32f: the large baskets (eorai) made of woven rattan with handles were used to transport food;XIz32f: die aus Rotan gefloctenen großen Körbe (eorai) mit Griffen dienten zum Transport von Lebensmitteln;eorai;11_1688358069;o;228;10
2594;H16 èodohèie 'balok yang berfungsi untuk meletakkan loteng atau lantai di atasnya';H16 èodohèie 'the beams that serve to lay the attic or floor on them';H16 èodohèie 'de balken die dienen om daarop zolder of vloer te leggen';eorohéi;9_1684986164;o;229;1
2600;Pangium edule, DEC 2575;Pangium edule , DEC 2575;Pangium edule, DEC 2575;eʔóu;9_1684987479;o;229;7
2606;kata bantu bilangan/numeralia , § 34b;auxiliary count word , § 34b;hilfszälwort, § 34b;epãã;9_1684988334;p;229;3
2622;bandingkan debəʔa;compare debəʔa;vgl debəʔa;padabəʔa;9_1685073208;p;231;1
2625;H16 èpalè 'setelah melahirkan dan juga gumpalan darah yang terjadi setelah kelahiran';H16 èpalè 'afterbirth as well as the blood clot that follows birth';H16 èpalè 'zoowel nageboorte als het bloedstremsel, dat na de geboorte volgt';epade;9_1685073704;p;231;4
2632;lihat IXz21f, 34ff dan MOD Gambar 2 di halaman 76, Tabel XX di halaman 217;see IXz21f , 34ff and MOD fig.2 on p.76 , table XX on p.217;s IXz21f, 34ff und MOD fig.2 auf S.76, tav.XX auf S.217;epadikóho:i;9_1685074368;p;231;11
2635;bandingkan eparipupu;compare eparipupu;vgl eparipupu;epadipopo;9_1685075526;p;232;3
2645;DEC 945 efaino 'Curcuma longa L , kunyit';DEC 945 efaino 'Curcuma longa L , turmeric';DEC 945 efaino 'Curcuma longa L, turmeric';epaʔẽnõã;9_1685205875;p;233;5
2646;lihat Vz28;see Vz28;s Vz28;Paʔẽnũ;9_1685205915;p;233;6
2647;"lihat kipah(a)- ; § 40b";"see kipah(a)- ; § 40b";"s kipah(a)- ; § 40b";pah(a)-;9_1685205980;p;233;7
2662;lihat pahã:ũmã[nã];see pahã:ũmã[nã];s pahã:ũmã[nã];pahũmãnã;11_1684988372;p;234;6
2668;H16 èpahjoe 'wadah lonjong, tempat buah bagu, setelah dikupas, kaladie atau pisang mentah, ditumbuk halus dengan alu batu [èèdako]';H16  èpahjoe 'an oval container , in which the fruits of the bagu , after being peeled , kaladie or unripe pisang , with a stone pestle [èèdako] are finely pounded';H16  èpahjoe 'een ovalen bak, waarin de vruchten van de bagoe, na geschild te zijn, kaladie of onrijpe pisang met een stamper van steen [èèdako] worden fijn gestampt';epã́ĩxũ;11_1684989076;p;234;12
2671;VIz8: dengan ungkapan alternatif ekabuʔuiʔi;VIz8: with alternating expression ekabuʔuiʔi;VIz8: mit Wechselausdruck ekabuʔuiʔi;epaʔĩ́õhõ:ĩ;11_1684989586;p;235;1
2682;bandingkan XIIz24f: Orang Enggano seharusnya hanya mengenal dua arah mata angin, selatan dan barat ...;compare XIIz24f: The Engganese supposedly knew only two cardinal points , south and west..;vgl XIIz24f: Die Engganesen kannten angeblich nur zwei Himmelsrichtungen, Süden und Westen ..;epakaraha;11_1685070458;p;235;12
2686;"lihat eohobi ; s IXz19";"see eohobi ; s IXz19";"s eohobi ; s IXz19";epakixobi;11_1685070756;p;236;1
2696;H16 pakoenoejo 'ruam, semangat di wajah';H16 pakoenoejo 'rash , ardor in the face';H16 pakoenoejo 'uitslag, vurigheid in het gezicht';epakũnṹĩñõ;11_1685072375;p;237;2
2701;lihat pabaha:eba , pahã:ũmã;see pabaha:eba , pahã:ũmã;s pabaha:eba, pahã:ũmã;pamãhã:ũmã;11_1685072825;p;237;7
2704;"lihat panõ; VIIIz35-37 Rumah-rumah dan wilayah marga-marga yang berbeda di dalam kampung dipisahkan oleh sebuah perbatasan [epanãʔã:ũã], yang ditandai dengan sebidang tanah sempit yang sudah dibersihkan";"see panõ ; VIIIz35-37 Houses and territory of different clans within the village were separated by a border [epanãʔã:ũã] , which was marked by a cleared narrow strip of land";"s panõ ; VIIIz35-37 Häuser und Gebiet verschiedener Sippen innerhalb des Dorfes waren durch eine Grenze [epanãʔã:ũã], die durch einen gerodeten schmalen Landstreifen markiert war, voneinander getrennt";epanãʔã:ũã;11_1685073158;p;237;10
2711;"lihat epanãʔã:ũã ; 105z18";"see epanãʔã:ũã ; 105z18";"s epanãʔã:ũã ; 105z18";epanõ;11_1685074771;p;238;3
2718;109z9;109z9;109z9;epaoaka;11_1685075099;p;238;10
2719;bandingkan kipaʔokiʔíaʔa 'mengasah';compare kipaʔokiʔíaʔa 'whet';vgl kipaʔokiʔíaʔa 'wetzen';epaʔokíʔi;11_1685075156;p;238;11
2725;lihat Vz36;see Vz36;s Vz36;Papudu;17_1685023767;p;239;2
2726;bandingkan eʔaparabía 'periode menstruasi';compare eʔaparabía 'menstrual period';vgl eʔaparabía 'Mensis';epara;17_1685023888;p;239;3
2746;DEC 32 dan H88: 276 paripoefoe ML medang, 'Actinodaphne glomerata Nees';DEC 32 and H88: 276 paripoefoe ML medang , 'Actinodaphne glomerata Nees';DEC 32 und H88: 276 paripoefoe ML medang, 'Actinodaphne glomerata Nees';eparipupu;17_1685085277;p;240;11
2751;namun H88: 277 perobikie 'pisang dingin';but H88: 277 perobikie 'pisang dingin';aber H88: 277 perobikie 'pisang dingin';eparobiki;17_1685086007;p;241;2
2754;"bandingkan nõpai , [ʔ]opahã:ĩã ; lihat IXz2-4 , 35z36";"compare nõpai , [ʔ]opahã:ĩã ; s IXz2-4 , 35z36";"vgl nõpai, [ʔ]opahã:ĩã ; s IXz2-4, 35z36";eparopãhã:ĩ;17_1685086550;p;241;5
2757;lihat ekõʔõkõʔõ;see ekõʔõkõʔõ;s ekõʔõkõʔõ;eparopiʔi;17_1685087056;p;241;8
2768;H88: 277 faoewoki 'ikan naroen';H88: 277 faoewoki 'ikan naroen';H88: 277 faoewoki 'ikan naroen';epaʔúoko;17_1685107428;p;242;4
2777;kata bantu bilangan/numeralia , § 34b;auxiliary count word , § 34b;Hilfszählwort, § 34b;epẽã;17_1685170841;p;243;2
2792;MOD 237 misalnya pègi Palembang , epèiti cacuhía , epèiti canohè , Gambar 45 di halaman 236;MOD 237 for example pègi Palembang , epèiti cacuhía , epèiti canohè , fig.45 on p.236;MOD 237 zB pègi Palembang, epèiti cacuhía, epèiti canohè, fig. 45 auf S. 236;epeici;17_1685193364;p;244;4
2794;130z24f: epeiji eodi ukõʔĩãũ , epeiji eodi ukidee 'dua jenis parang';130z24f: epeiji eodi ukõʔĩãũ , epeiji eodi ukidee 'two types of cleavers';130z24f: epeiji eodi ukõʔĩãũ, epeiji eodi ukidee 'zwei Arten von Haumessern';epeiji;17_1685193682;p;244;6
2797;"H16 èpèkoeqwaq 'perut, tanaman' ; èpèkoe(w)aq 'hati'";"H16 èpèkoeqwaq 'stomach , crop' ; èpèkoe(w)aq 'liver'";"H16 èpèkoeqwaq 'maag, krop' ; èpèkoe(w)aq 'lever'";epekúʔua;17_1685194033;p;244;9
2802;de Jong 37: Rana Macrodon Kuhl oder Rana nicobariensis Stol.;de Jong 37: Rana Macrodon Kuhl oder Rana nicobariensis Stol.;de Jong 37: Rana Macrodon Kuhl oder Rana nicobariensis Stol.;epẽʔõ;17_1685195449;p;244;14
2812;"H88: 276 poak² ML rotan semamboe; DEC 563 Calamus Scipionum";"H88: 276 poak² ML rotan semamboe ; DEC 563 Calamus Scipionum";"H88: 276 poak² ML rotan semamboe ; DEC 563 Calamus Scipionum";epəʔə́aʔa;12_1685023158;p;246;3
2827;bandingkan epoʔinãmõ 'gadis muda';compare epoʔinãmõ 'young girl';vgl epoʔinãmõ 'junges Mädchen';epənãnãmĩ;12_1685072309;p;247;12
2835;lihat piaka , piaki;see piaka , piaki;s piaka, piaki;piakv;12_1685074328;p;248;6
2838;"G6; bandingkan epedau";"G6 ; compare epedau";"G6 ; vgl epedau";epidadə́a;12_1685075218;p;249;2
2848;kata bantu numeralia yang tidak disebutkan dalam § 34b;Auxiliary count not mentioned in § 34b;Hilfszählwort, nicht in § 34b genannt;pĩʔĩõ;10_1685075644;p;250;2
2855;Heyne 187/5199 epiko dan DEC 1592 Garcinia Mangostana L;Heyne 187/5199 epiko and DEC 1592 Garcinia Mangostana L;Heyne 187/5199 epiko und DEC 1592 Garcinia Mangostana L;epiko;10_1685082716;p;250;9
2861;H88:277 piko-piko;H88:277 piko-piko;H88:277 piko-piko;epikopiko;10_1685099154;p;251;5
2869;bandingkan PMP kəmpit, BAR upi;compare PMP kəmpit , BAR upi;vgl PMP kəmpit, BAR upi;pĩnĩ;10_1685910215;p;252;3
2871;de Jong 37: Rana Macrodon Kuhl oder Rana nicobariensis Stol.;de Jong 37: Rana Macrodon Kuhl oder Rana nicobariensis Stol.;de Jong 37: Rana Macrodon Kuhl oder Rana nicobariensis Stol.;epinõʔã́ẽã;10_1685910505;p;252;5
2887;"DES 1462 pidjoe 'Ficus elastica Roxb' ; 'Pohon getah ara' ; 'Karet' ; epitoe ; efitoe 'Karet'";"DEC 1462 pidjoe 'Ficus elastica Roxb'. ; 'Gum Fig tree' ; 'Rubber' ; epitoe ; efitoe 'Rubber'";"DEC 1462 pidjoe 'Ficus elastica Roxb'. ; 'Gummifeigenbaum' ; 'Kautschuk' ; epitoe ; efitoe 'Gummi'";epitu;15_1685072233;p;254;3
2889;"DEC 830 efok , epok ; Heyne 21/663 efo , epoh 'Cocos nucifera' ; MOD Gambar 10 di halaman 122 epò gnachebò 'Kacang sebagai penampung air'";"DEC 830 efok , epok ;  Heyne 21/663 efo , epoh 'Cocos nucifera' ; MOD fig.10 on p.122 epò gnachebò 'Nut as a water container'";"DEC 830 efok, epok ;  Heyne 21/663 efo, epoh 'Cocos nucifera' ; MOD fig.lo auf S.122 epò gnachebò 'Nuß als Wasserbehälter'";epoo;15_1685073261;p;254;5
2904;bandingkan epənãnãmĩ 'pemuda';compare epənãnãmĩ 'young man';vgl epənãnãmĩ 'junger Mann';epoʔinãmõ;15_1685320306;p;256;4
2910;"DEC 847 epokejak-kejak 'Colocasia antiquorum Schott' ; Heyne 23/755 epoh kèak 'Colocasia esculenta'";"DEC 847 epokejak-kejak 'Colocasia antiquorum Schott' ; Heyne 23/755 epoh kèak 'Colocasia esculenta'";"DEC 847 epokejak-kejak 'Colocasia antiquorum Schott' ; Heyne 23/755 epoh kèak 'Colocasia esculenta'";epokeʔa;15_1685321231;p;257;1
2936;"H88:276 poro 'ML kajoe bajoer' ; DEC 2892 poro 'Pterospermum Jackianum Wall'.";"H88:276 poro 'ML kajoe bajoer' ; DEC 2892 poro 'Pterospermum Jackianum Wall'.";"H88:276 poro 'ML kajoe bajoer' ; DEC 2892 poro 'Pterospermum Jackianum Wall'.";eporo;19_1685081587;p;259;4
2938;"H16 paroriepo 'jenggot, jenggot' ; MOD prururu ipo 'jenggot' , pruru ripodia 'kumis'";"H16 paroriepo 'beard , goatee' ; MOD prururu ipo 'beard' , pruru ripodia 'moustache'";"H16 paroriepo 'baard, sik' ; MOD prururu ipo 'barba', pruru ripodia 'baffi'";eporodipo;19_1685082318;p;259;6
2948;bandingkan ehũã;compare ehũã;vgl ehũã;epua;19_1685156698;p;260;3
2957;MOD Gambar 10 di halaman 122;MOD fig.10 on p.122;MOD fig.lo auf S.122;epuáo;19_1685158316;p;261;4
2965;bandingkan dixia , pũkã;compare dixia , pũkã;vgl dixia, pũkã;pudika;19_1685193010;p;262;4
2990;"bandingkan poʔo:i ; pukeiya";"compare poʔo:i ; pukeiya";"vgl poʔo:i ; pukeiya";pukai;8_1685081724;p;265;9
2995;bandingkan epoko;compare epoko;vgl epoko;epuko;8_1685082385;p;266;5
2997;bandingkan epũʔũ;compare epũʔũ;vgl epũʔũ;epuku;8_1685082969;p;266;7
3016;DEC poeroedoeè 'jaringan berbulu dari Arenga saccharifera';DEC poeroedoeè 'hairy tissue of Arenga saccharifera';DEC poeroedoeè 'harig weefsel van Arenga saccharifera';epurudui;8_1685086114;p;267;12
3019;"bandingkan eupurúhui ; G37 ML 'burung elang' ; H88:277 paeroehoe 'burung lang'";"compare eupurúhui ; G37 ML 'burung elang' ; H88:277 paeroehoe 'burung lang'";"vgl eupurúhui ; G37 ML burung elang ; H88:277 paeroehoe 'burung lang'";epurúhui;8_1685086297;p;268;2
3020;bandingkan epũnũʔṍʔõ:ĩ;compare epũnũʔṍʔõ:ĩ;vgl epũnũʔṍʔõ:ĩ;epurukíoʔo:i;8_1685086422;p;268;3
3022;tidak disebutkan dalam § 34c;not mentioned in § 34c;in § 34c nicht genannt;puʔu;8_1685086967;p;268;6
3023;bandingkan epuku;compare epuku;vgl epuku;pũʔũ;8_1685088387;p;268;7
3043;dan sejenisnya (§ 1);and the like (§ 1);dgl (§ 1);-raʔa;17_1685517898;r;270;5
3096;"Akhiran posesif orang kedua jamak; § 11";"Possessive suffix 2nd Person Plural ; § 11";"Possessivsuffix 2.Pl ; § 11";-ru;10_1687836396;r;274;6
3103;lihat duduki¹;see duduki¹;s duduki¹;ruduka;10_1688899227;r;275;2
3107;lihat aruhe;see aruhe;s aruhe;ruhe;10_1688899630;r;275;6
3114;"Akhiran posesif orang ketiga jamak; § 11";"Possessive suffix 3rd Person Plural ; § 11";"Possessivsuffix 3.Pl ; § 11";-ta;10_1688901110;t;275;2
3117;"H16 taka 'dua puluh; istilah yang menunjukkan jumlah barang yang akan ditukar, kemudian digunakan untuk menentukan nilai tukar berbagai barang [nilainya setara dengan 20 sen]; berat yang setara dengan berat ± 5 katis'";"H16 taka 'twenty ; a term denoting the quantity of good to be exchanged , then used in determining the exchange value of various goods [the value corresponded to 20 cents] ; a weight corresponding to ± 5 katis weight'";"H16 taka 'twintig ; een term, die de hoeveelheld te ruilen goed aangeeft, destijds in gebruik bij de bepaling van de ruilwaarde van diverse goederen [de waarde kwam overeen met 20 centen] ; een gewicht overeenkomende mit ± 5 katis gewicht'";etaka;10_1688917123;t;276;1
3146;§ 11: V = vokal akhir dari kata benda;§ 11: V = final vowel of the noun;§ 11: V = auslautender Vokal des Substantivs;-ʔVu;10_1689181962;u;277;7
3148;"DEC 546 èoewa 'Calamus didymophyllus Becc' ; H88:276 èoewa 'rottan getah'";"DEC 546 èoewa 'Calamus didymophyllus Becc' ; H88:276 èoewa 'rottan getah'";"DEC 546 èoewa 'Calamus didymophyllus Becc' ; H88:276 èoewa 'rottan getah'";eua;10_1689182298;u;277;9
3149;"§ 4c: kami; § 14";"§ 4c: we ; § 14";"§ 4c: wir ; § 14";ʔua;10_1689182647;u;278;1
3163;lihat uʔubaʔo;see uʔubaʔo;s uʔubaʔo;ʔubaʔo;10_1689221015;u;280;7
3173;"lihat dudu-ʔúdi ; kukuʔudi";"see dudu·ʔúdi ; kukuʔudi";"s dudu·ʔúdi ; kukuʔudi";eʔudi;10_1689228151;u;281;4
3175;"MOD eudòpo 'patata indigena , Ubi cheladi' ; lihat epokeʔa";"MOD eudòpo 'patata indigena , Ubi cheladi' ; see epokeʔa";"MOD eudòpo 'patata indigena, Ubi cheladi' ; s epokeʔa";eʔudopo;10_1689228795;u;281;6
3202;lihat pauki;see pauki;s pauki;uki;9_1687445251;u;284;3
3211;lihat kikũkũũ 'meniru , melambangkan';see kikũkũũ 'imitate , symbolize';s kikũkũũ 'nachahmen, symbolisieren;eũkũũ;9_1687446613;u;284;12
3213;lihat eukuha , ekúhua , eũkũh[ũ]ã;see eukuha , ekúhua , eũkũh[ũ]ã;s eukuha, ekúhua, eũkũh[ũ]ã;eukṹʔã;9_1687612982;u;285;1
3215;DEC 1061 Derris elliptica Benth.;DEC 1061 Derris elliptica Benth.;DEC 1061 Derris elliptica Benth.;eũkṹhũĩ;9_1687613099;u;285;3
3223;"H88:277 èoema 'ML pergam' ; H16 èoema 'merpati liar hijau' ; de Jong 36: merpati hijau yang tidak mencolok, Chalcophaps indica indica L";"H88:277 èoema 'ML pergam' ; H16 èoema 'a green wild dove' ; de Jong 36: the inconspicuous green pigeon , Chalcophaps indica indica L";"H88:277 èoema 'ML pergam' ; H16 èoema 'eene groene wilde duif' ; de Jong 36: de weinig opvallende groene duif, Chalcophaps indica indica L";eʔũmãõ;9_1687614737;u;285;11
3224;DEC 2382 Myristica fragrans Houtt.;DEC 2382 Myristica fragrans Houtt.;DEC 2382 Myristica fragrans Houtt.;eumĩhĩ;9_1687614906;u;285;12
3225;Vz34 ungkapan alternatif: ehedoʔo:i;Vz34 alternative expression: ehedoʔo:i;Vz34 Wechselausdruck: ehedoʔo:i;eʔũmĩxĩ;9_1687615022;u;285;13
3237;"XIz31f Keranjang datar tanpa gagang (euneke) yang dianyam dari rotan dan digunakan sebagai wadah makanan; MOD 121 eunèche Gambar 8";"XIz31f Flat , handleless baskets (euneke) woven from rattan served as food receptacles ; MOD 121 eunèche fig.8";"XIz31f Als Essensbehälter dienten aus Rotan geflochtene flache und grifflose Körbe (euneke) ; MOD 121 eunèche fig.8";e[ʔ]ũnẽkẽ;9_1687617701;u;287;1
3244;H16 è(oe)nuki(j)o 'udang laut';H16 è(oe)nuki(j)o 'sea shrimp';H16 è(oe)noeki(j)o 'zeegarnaal';eũnũkĩõ;9_1687618497;u;287;8
3245;"lihat epũnũʔṍʔõ:ĩ ; H16 èoeoenoe 'kura-kura' ; de Jong 36: Cyclemis amboinensis = satu-satunya jalan";"see epũnũʔṍʔõ:ĩ ; H16 èoeoenoe 'tortoise' ; de Jong 36: Cyclemis amboinensis = the only way";"s epũnũʔṍʔõ:ĩ ; H16 èoeoenoe 'landschildpad' ; de Jong 36: Cyclemis amboinensis = die einzige Art";eʔũnũʔũnũ;9_1687618842;u;287;9
3253;"DEC 315 dan Heyne 21/654 eoepo , oepo , eoefe , oefe 'Areca catechy L, Betelnut Palme' ; bandingkan DEC 2717 epoeroekoewo (= epuru ukuo?) 'Pinus betle'";"DEC 315 and Heyne 21/654 eoepo , oepo , eoefe , oefe 'Areca catechy L , Betelnut Palme' ; vgl DEC 2717 epoeroekoewo (= epuru ukuo?) 'Pinus betle'";"DEC 315 und Heyne 21/654 eoepo, oepo, eoefe, oefe 'Areca catechy L, Betelnußpalme' ; vgl DEC 2717 epoeroekoewo (= epuru ukuo?) 'Pinus betle'";eupo;9_1687834559;u;288;7
3258;"MOD Gambar 37 pada S.211, 209: emanò elohà (= emõnõĩ?) 'itu adalah ornamen buritan'; 54z15-17: Panji-panji pada haluan, dan bukan pada buritan; H88: 307 Untuk perayaan ini, sampan-sampan di bagian haluan dengan èfoeroe èloha, berupa dua belas rotan tipis yang dibengkokkan, ditancapkan pada lubang-lubang, dipasang pada bagian belakang sebuah burung dari kayu dan di bagian ujungnya dihiasi dengan potongan-potongan kecil kapas yang diwarnai dengan warna merah dan putih secara bergantian";"MOD fig.37 on S.211 , 209: emanò elohà (= emõnõĩ?) 'it is the ornament of the stern' ; 54z15-17: Pennant at the bow , and not at the stern ; H88:307 For this festive occasion , the sampans are at the prow with èfoeroe èloha , being twelve bent thin rattans , stuck in holes , mounted on the back of a wooden bird and decorated at the end with small square pieces of cotton colored red and white alternately";"MOD fig.37 auf S.211, 209: emanò elohà (= emõnõĩ?) 'è l'ornamento della poppa' ; 54z15-17: Wimpel am Bug, und nicht am Heck ; H88:307 Vooz deze feestelijke gelegenheid zijn de sampans aan den voorsteven met èfoeroe èloha zijnde twaalf omgebogen dunne rottans, gestoken in gaten, aangebracht op den rug van een houten vogel en aan 't uiteinde versierd met kleine vierkante lapjes katoen om 't ander rood en wit gekleurd";eupurúhui;9_1687835318;u;289;3
3260;DEC oeroepok (< eʔuri upoo?) 'sekam berserat dari kacang kelapa';DEC oeroepok (< eʔuri upoo?) 'fibrous husk of coconut nut';DEC oeroepok (< eʔuri upoo?) 'vezelige bast der noot van cocos';eʔuri;9_1687835693;u;289;5
3271;VIIz29: Marga Kaʔahəao 'mungkin dinamai seperti itu';VIIz29: Clan Kaʔahəao 'maybe named after it';VIIz29: Clan Kaʔahəao 'vielleicht danach benannt';euʔuai;9_1687838257;u;290;5
3275;de Jong 36: Otus umbra enganensis Riley;de Jong 36: Otus umbra enganensis Riley;de Jong 36: Otus umbra enganensis Riley;euʔuhṹ;9_1687838633;u;291;2
3288;vetatif, § 52d;vetative , § 52d;Vetativ, § 52d;yáraʔa;9_1687844682;y;292;2
3304;lihat kəda:i;see kəda:i;s kəda:i;əda:i;17_1688263695;ə;61;3
3314;bandingkan epaha:əhədei 'kesempatan';compare epaha:əhədei 'occasion';vgl epaha:əhədei 'Anlaß;eəhədai;17_1686204193;ə;62;4
3315;MOD Gambar 25 di halaman 167;MOD fig.25 on p.167;MOD fig. 25 auf S.167;eə̃hə̃nə̃ã;17_1686204226;ə;62;5
